1992,1,Quesos,Carne,Leche,Lactosuero,Huevos,Tocino,Carne,Carne,Despojos,Carne,Suero,Carne,Mantequilla,Productos,Animales,Otros,Pieles,Gallos,,,,,,,,,,,
1992,2,Carne,Tocino,Carne,Leche,Gallos,Suero,Productos,Huevos,Pescado,Moluscos,Otros,Filetes,Quesos,Carne,,,,,,,,,,,,,,,
1992,3,Carne,Lactosuero,Productos,Otros,Quesos,Miel,Pescado,Leche,Animales,Despojos,Suero,Mantequilla,Carne,Huevos,Animales,Gallos,,,,,,,,,,,,,
1992,4,Quesos,Productos,Miel,Carne,Leche,Crustáceos,Despojos,Carne,Pieles,Pescado,Productos,Caballos,Gallos,Huevos,Leche,Suero,Mantequilla,,,,,,,,,,,,
1992,5,Animales,Carne,Filetes,Miel,Gallos,Quesos,Suero,Mantequilla,Crustáceos,Animales,Carne,Productos,Huevos,Carne,Otros,Caballos,Leche,,,,,,,,,,,,
1992,6,Leche,Filetes,Miel,Carne,Carne,Otros,Huevos,Peces,Gallos,Crustáceos,Quesos,Tocino,Tripas,Mantequilla,Despojos,Pescado,Carne,Suero,,,,,,,,,,,
1992,7,Crustáceos,Productos,Carne,Carne,Tripas,Suero,Huevos,Carne,Carne,Pescado,Leche,Otros,Mantequilla,Gallos,Quesos,,,,,,,,,,,,,,
1992,8,Despojos,Quesos,Carne,Crustáceos,Gallos,Carne,Carne,Otros,Carne,Peces,Filetes,Carne,Suero,Pescado,Mantequilla,Productos,Leche,,,,,,,,,,,,
1992,9,Leche,Productos,Suero,Pescado,Animales,Caballos,Crustáceos,Gallos,Filetes,Mantequilla,Carne,Quesos,Animales,Carne,Huevos,Carne,Leche,,,,,,,,,,,,
1992,10,Animales,Leche,Carne,Carne,Filetes,Despojos,Pescado,Otros,Carne,Pieles,Quesos,Huevos,Crustáceos,Productos,Suero,Leche,Gallos,Carne,Pescado,,,,,,,,,,
1992,11,Carne,Gallos,Miel,Despojos,Carne,Quesos,Huevos,Carne,Crustáceos,Otros,Carne,Caballos,Filetes,Leche,Mantequilla,Suero,Leche,Pescado,Productos,,,,,,,,,,
1992,12,Carne,Mantequilla,Leche,Carne,Leche,Despojos,Animales,Huevos,Tripas,Crustáceos,Moluscos,Quesos,Carne,Carne,Pescado,Miel,Suero,Gallos,Productos,Filetes,,,,,,,,,
1993,1,Crustáceos,Leche,Huevos,Suero,Mantequilla,Otros,Animales,Carne,Productos,Leche,Quesos,Huesos,Carne,Gallos,Carne,Despojos,Carne,,,,,,,,,,,,
1993,2,Carne,Suero,Crustáceos,Quesos,Leche,Leche,Animales,Gallos,Tocino,Huevos,Filetes,,,,,,,,,,,,,,,,,,
1993,3,Moluscos,Leche,Gallos,Otros,Carne,Crustáceos,Caballos,Pescado,Animales,Productos,Filetes,Leche,Suero,Despojos,Pescado,Huevos,Quesos,Pieles,,,,,,,,,,,
1993,4,Carne,Pescado,Animales,Caballos,Suero,Despojos,Mantequilla,Productos,Animales,Pescado,Carne,Quesos,Carne,Leche,Crustáceos,Moluscos,Gallos,Huevos,Leche,Filetes,,,,,,,,,
1993,5,Leche,Animales,Animales,Carne,Moluscos,Mantequilla,Pieles,Huevos,Pescado,Crustáceos,Gallos,Productos,Pescado,Suero,Quesos,Leche,Caballos,Tripas,Filetes,,,,,,,,,,
1993,6,Carne,Carne,Crustáceos,Otros,Animales,Quesos,Huevos,Miel,Moluscos,Mantequilla,Pescado,Leche,Suero,Productos,Leche,Tocino,Filetes,Caballos,Pescado,Gallos,,,,,,,,,
1993,7,Quesos,Leche,Carne,Productos,Carne,Moluscos,Animales,Pieles,Filetes,Leche,Suero,Mantequilla,Gallos,Productos,Pescado,Caballos,Animales,Crustáceos,Huevos,Peces,Carne,,,,,,,,
1993,8,Carne,Carne,Carne,Gallos,Quesos,Huesos,Leche,Crustáceos,Animales,Suero,Caballos,Mantequilla,Animales,Leche,Pieles,Huevos,Filetes,,,,,,,,,,,,
1993,9,Despojos,Moluscos,Filetes,Gallos,Leche,Caballos,Productos,Carne,Mantequilla,Suero,Peces,Huevos,Crustáceos,Animales,Quesos,Cabello,Tocino,Leche,Huevos,Pescado,Carne,Miel,Carne,,,,,,
1993,10,Mantequilla,Miel,Carne,Productos,Suero,Pescado,Moluscos,Crustáceos,Caballos,Pescado,Quesos,Gallos,Carne,Leche,Carne,Filetes,Huevos,Peces,Animales,,,,,,,,,,
1993,11,Mantequilla,Filetes,Carne,Tocino,Suero,Carne,Leche,Pescado,Animales,Productos,Pescado,Quesos,Gallos,Huevos,Miel,Huevos,Pieles,Leche,Pescado,Crustáceos,Moluscos,Otros,Carne,Carne,,,,,
1993,12,Crustáceos,Filetes,Pescado,Pescado,Otros,Caballos,Carne,Despojos,Animales,Quesos,Suero,Leche,Mantequilla,Miel,Gallos,Peces,Huevos,Tripas,Carne,Leche,Carne,Productos,,,,,,,
1994,1,Leche,Huevos,Carne,Animales,Miel,Quesos,Pescado,Productos,Mantequilla,Gallos,Leche,Carne,Crustáceos,Suero,Otros,Productos,Despojos,Filetes,Peces,,,,,,,,,,
1994,2,Carne,Leche,Gallos,Crustáceos,Carne,Caballos,Suero,Animales,Pescado,Filetes,Carne,Mantequilla,Tocino,Pescado,Animales,Huevos,Productos,Quesos,Leche,Moluscos,,,,,,,,,
1994,3,Mantequilla,Pescado,Otros,Carne,Pescado,Filetes,Gallos,Carne,Carne,Huevos,Quesos,Moluscos,Animales,Caballos,Pescado,Despojos,Peces,Leche,Pieles,Suero,Productos,Carne,Miel,Crustáceos,Leche,,,,
1994,4,Carne,Productos,Animales,Gallos,Pieles,Leche,Pescado,Peces,Pescado,Crustáceos,Carne,Carne,Suero,Carne,Quesos,Filetes,Pescado,Carne,Huevos,,,,,,,,,,
1994,5,Crustáceos,Otros,Pescado,Animales,Huevos,Leche,Mantequilla,Suero,Carne,Filetes,Quesos,Carne,Pescado,Caballos,Miel,Carne,Peces,Leche,Gallos,Carne,Productos,,,,,,,,
1994,6,Filetes,Carne,Otros,Peces,Leche,Carne,Animales,Mantequilla,Pescado,Crustáceos,Huevos,Suero,Gallos,Carne,Leche,Quesos,Carne,Animales,Carne,,,,,,,,,,
1994,7,Huevos,Leche,Leche,Suero,Carne,Carne,Animales,Despojos,Miel,Mantequilla,Filetes,Quesos,Carne,Carne,Otros,Crustáceos,Animales,Moluscos,Gallos,Ambar,Pescado,,,,,,,,
1994,8,Pescado,Productos,Filetes,Peces,Gallos,Moluscos,Leche,Carne,Huevos,Carne,Lactosuero,Pieles,Otros,Animales,Leche,Carne,Crustáceos,Mantequilla,Quesos,Suero,,,,,,,,,
1994,9,Productos,Carne,Suero,Peces,Quesos,Pescado,Huevos,Moluscos,Carne,Despojos,Carne,Gallos,Pieles,Leche,Mantequilla,Leche,Pescado,Pescado,Crustáceos,Carne,,,,,,,,,
1994,10,Filetes,Carne,Carne,Peces,Quesos,Gallos,Otros,Huevos,Leche,Moluscos,Pescado,Mantequilla,Crustáceos,Tocino,Pescado,Suero,Productos,Leche,Huevos,Carne,Las,Animales,,,,,,,
1994,11,Pescado,Moluscos,Leche,Pescado,Quesos,Leche,Pescado,Otros,Carne,Animales,Gallos,Las,Mantequilla,Suero,Huevos,Carne,Crustáceos,Tripas,Peces,Filetes,Productos,Carne,,,,,,,
1994,12,Miel,Suero,Carne,Crustáceos,Peces,Leche,Productos,Huevos,Gallos,Moluscos,Leche,Pescado,Pescado,Quesos,Carne,Carne,Carne,Mantequilla,Carne,Filetes,,,,,,,,,
1995,1,Carne,Productos,Pescado,Huevos,Quesos,Crustáceos,Carne,Otros,Leche,Leche,Gallos,Mantequilla,Carne,Suero,,,,,,,,,,,,,,,
1995,2,Despojos,Filetes,Lactosuero,Leche,Pescado,Tripas,Suero,Carne,Moluscos,Quesos,Crustáceos,Huevos,Caballos,Carne,Productos,Mantequilla,Pescado,Gallos,Carne,Leche,,,,,,,,,
1995,3,Lactosuero,Leche,Pieles,Moluscos,Peces,Crustáceos,Carne,Pescado,Pescado,Quesos,Filetes,Suero,Pescado,Carne,Carne,Huevos,Carne,Mantequilla,Animales,Productos,Leche,Gallos,,,,,,,
1995,4,Pescado,Productos,Despojos,Suero,Animales,Filetes,Pescado,Carne,Leche,Crustáceos,Peces,Leche,Huevos,Carne,Quesos,Moluscos,Gallos,Lactosuero,Carne,Miel,Mantequilla,,,,,,,,
1995,5,Huevos,Suero,Pescado,Miel,Leche,Peces,Pescado,Leche,Crustáceos,Quesos,Carne,Gallos,Productos,Mantequilla,Tocino,Carne,Carne,Filetes,Carne,Moluscos,Animales,Animales,,,,,,,
1995,6,Leche,Productos,Peces,Miel,Mantequilla,Animales,Moluscos,Quesos,Carne,Carne,Pescado,Carne,Carne,Pescado,Pescado,Huevos,Leche,Filetes,Gallos,Suero,Crustáceos,,,,,,,,
1995,7,Coral,Peces,Gallos,Filetes,Suero,Miel,Leche,Quesos,Carne,Carne,Pescado,Animales,Productos,Crustáceos,Pieles,Huevos,Moluscos,Leche,Pescado,Mantequilla,,,,,,,,,
1995,8,Moluscos,Huevos,Carne,Pescado,Pescado,Carne,Leche,Quesos,Carne,Leche,Crustáceos,Gallos,Animales,Suero,Filetes,Mantequilla,,,,,,,,,,,,,
1995,9,Suero,Caballos,Productos,Animales,Peces,Miel,Leche,Quesos,Gallos,Carne,Leche,Mantequilla,Filetes,Animales,Lactosuero,Pescado,Huevos,Crustáceos,Carne,,,,,,,,,,
1995,10,Animales,Carne,Mantequilla,Huevos,Leche,Productos,Animales,Quesos,Carne,Pescado,Leche,Pescado,Peces,Gallos,Filetes,Suero,Caballos,Carne,Crustáceos,Miel,,,,,,,,,
1995,11,Carne,Animales,Filetes,Leche,Crustáceos,Gallos,Mantequilla,Productos,Pescado,Pescado,Pescado,Leche,Quesos,Despojos,Suero,Carne,,,,,,,,,,,,,
1995,12,Huevos,Suero,Crustáceos,Peces,Gallos,Carne,Carne,Animales,Despojos,Pescado,Quesos,Caballos,Moluscos,Leche,Productos,Filetes,Pescado,Mantequilla,Pescado,Leche,,,,,,,,,
1996,1,Moluscos,Crustáceos,Pescado,Quesos,Productos,Carne,Suero,Carne,Gallos,Mantequilla,Otros,Filetes,Carne,Huevos,Animales,Peces,Pescado,Leche,Leche,,,,,,,,,,
1996,2,Pescado,Quesos,Crustáceos,Huevos,Gallos,Carne,Carne,Mantequilla,Carne,Suero,Miel,Otros,Leche,Pescado,Despojos,Tocino,Carne,Animales,Caballos,Leche,Productos,,,,,,,,
1996,3,Filetes,Tripas,Pescado,Animales,Pescado,Leche,Peces,Leche,Quesos,Gallos,Suero,Pescado,Moluscos,Despojos,Crustáceos,Huevos,Mantequilla,Carne,Carne,Productos,Carne,,,,,,,,
1996,4,Suero,Leche,Carne,Moluscos,Filetes,Leche,Pescado,Productos,Pescado,Animales,Miel,Pieles,Mantequilla,Carne,Crustáceos,Carne,Despojos,Gallos,Pescado,Quesos,Peces,,,,,,,,
1996,5,Pescado,Despojos,Moluscos,Gallos,Suero,Crustáceos,Lactosuero,Carne,Leche,Carne,Pescado,Carne,Huevos,Leche,Animales,Productos,Quesos,,,,,,,,,,,,
1996,6,Mantequilla,Suero,Leche,Carne,Quesos,Carne,Carne,Peces,Gallos,Pescado,Filetes,Animales,Leche,Pescado,Miel,Productos,Carne,Otros,Crustáceos,,,,,,,,,,
1996,7,Gallos,Tripas,Leche,Pescado,Huevos,Moluscos,Quesos,Carne,Peces,Crustáceos,Suero,Otros,Despojos,Carne,Carne,Pescado,Productos,Leche,Animales,Mantequilla,,,,,,,,,
1996,8,Gallos,Quesos,Productos,Carne,Peces,Animales,Crustáceos,Otros,Carne,Leche,Leche,Carne,Suero,Animales,Pescado,Mantequilla,Pescado,Huevos,Carne,,,,,,,,,,
1996,9,Leche,Carne,Productos,Quesos,Crustáceos,Otros,Carne,Animales,Suero,Filetes,Despojos,Mantequilla,Gallos,Pescado,Pescado,Caballos,Tocino,Carne,Leche,,,,,,,,,,
1996,10,Despojos,Carne,Carne,Otros,Leche,Filetes,Pescado,Huevos,Quesos,Pescado,Carne,Animales,Crustáceos,Suero,Miel,Moluscos,Gallos,Peces,Mantequilla,Productos,Leche,,,,,,,,
1996,11,Peces,Despojos,Productos,Mantequilla,Gallos,Leche,Quesos,Miel,Crustáceos,Carne,Leche,Pescado,Carne,Carne,Carne,Filetes,Animales,Pescado,Carne,Pescado,Moluscos,Suero,,,,,,,
1996,12,Pescado,Peces,Despojos,Leche,Carne,Moluscos,Carne,Carne,Otros,Pescado,Leche,Pieles,Mantequilla,Animales,Animales,Suero,Carne,Tripas,Quesos,Productos,Crustáceos,Gallos,Filetes,Lactosuero,,,,,
1997,1,Caballos,Filetes,Leche,Carne,Huevos,Animales,Despojos,Gallos,Moluscos,Carne,Productos,Mantequilla,Pescado,Pescado,Otros,Suero,Leche,Crustáceos,Quesos,,,,,,,,,,
1997,2,Huevos,Quesos,Leche,Peces,Carne,Pescado,Carne,Carne,Filetes,Huevos,Animales,Moluscos,Otros,Despojos,Leche,Pescado,Gallos,Crustáceos,Suero,Productos,,,,,,,,,
1997,3,Despojos,Caballos,Crustáceos,Filetes,Suero,Peces,Animales,Pescado,Carne,Leche,Carne,Gallos,Carne,Pescado,Quesos,Productos,Huevos,Leche,Mantequilla,Moluscos,,,,,,,,,
1997,4,Suero,Despojos,Carne,Carne,Leche,Gallos,Pescado,Huevos,Huevos,Mantequilla,Leche,Pescado,Animales,Filetes,Carne,Crustáceos,Productos,Tripas,Moluscos,Miel,Pescado,Tocino,Quesos,Peces,,,,,
1997,5,Suero,Pescado,Gallos,Moluscos,Huevos,Filetes,Crustáceos,Carne,Productos,Mantequilla,Pescado,Animales,Despojos,Pescado,Peces,Leche,Carne,Quesos,Leche,,,,,,,,,,
1997,6,Suero,Animales,Moluscos,Carne,Miel,Tocino,Peces,Leche,Crustáceos,Despojos,Huevos,Carne,Pescado,Pescado,Quesos,Mantequilla,Pescado,Filetes,Animales,Productos,Leche,Carne,Gallos,,,,,,
1997,7,Lactosuero,Peces,Pescado,Productos,Despojos,Tripas,Huevos,Pescado,Animales,Gallos,Otros,Quesos,Carne,Filetes,Miel,Mantequilla,Huevos,Caballos,Carne,Suero,Leche,Carne,Leche,Moluscos,Crustáceos,,,,
1997,8,Mantequilla,Crustáceos,Peces,Despojos,Lactosuero,Quesos,Pescado,Animales,Pescado,Moluscos,Huevos,Gallos,Pescado,Productos,Carne,Suero,Carne,Carne,Leche,Leche,Otros,Filetes,,,,,,,
1997,9,Despojos,Mantequilla,Suero,Leche,Quesos,Carne,Huevos,Animales,Carne,Caballos,Peces,Lactosuero,Pescado,Crustáceos,Pescado,Otros,Productos,Gallos,Moluscos,Miel,Filetes,Carne,Leche,Carne,,,,,
1997,10,Productos,Mantequilla,Carne,Moluscos,Leche,Miel,Gallos,Quesos,Leche,Carne,Tocino,Pescado,Cerdas,Carne,Crustáceos,Filetes,Suero,Lactosuero,Huevos,Pescado,Peces,Carne,,,,,,,
1997,11,Otros,Cerdas,Moluscos,Pieles,Leche,Productos,Pescado,Carne,Carne,Crustáceos,Miel,Carne,Gallos,Pescado,Lactosuero,Pescado,Leche,Peces,Suero,Mantequilla,Quesos,Filetes,Despojos,Huevos,,,,,
1997,12,Pescado,Carne,Lactosuero,Carne,Filetes,Quesos,Miel,Pescado,Leche,Crustáceos,Carne,Mantequilla,Moluscos,Suero,Gallos,Peces,Tocino,Caballos,Huevos,Despojos,Productos,Leche,Pescado,Carne,,,,,
1998,1,Carne,Leche,Productos,Peces,Mantequilla,Animales,Pescado,Huevos,Carne,Gallos,Despojos,Moluscos,Carne,Crustáceos,Suero,Pescado,Otros,Pescado,Lactosuero,Huevos,Quesos,Animales,Filetes,Carne,Leche,,,,
1998,2,Suero,Crustáceos,Huevos,Leche,Quesos,Peces,Carne,Carne,Carne,Pescado,Productos,Otros,Carne,Moluscos,Carne,Mantequilla,Gallos,Despojos,Pescado,Lactosuero,Filetes,Animales,Leche,Tocino,,,,,
1998,3,Peces,Filetes,Productos,Pescado,Otros,Suero,Leche,Quesos,Moluscos,Leche,Pescado,Animales,Carne,Carne,Despojos,Mantequilla,Carne,Carne,Gallos,Tocino,Pescado,Crustáceos,Animales,,,,,,
1998,4,Carne,Lactosuero,Pescado,Leche,Huevos,Productos,Filetes,Miel,Carne,Tocino,Animales,Peces,Otros,Gallos,Mantequilla,Crustáceos,Carne,Quesos,Despojos,Suero,Moluscos,Leche,Pescado,Pescado,,,,,
1998,5,Despojos,Leche,Filetes,Gallos,Huevos,Carne,Crustáceos,Carne,Quesos,Huevos,Miel,Caballos,Suero,Pescado,Carne,Moluscos,Carne,Pescado,Peces,Carne,Productos,Mantequilla,Leche,Animales,Lactosuero,Pescado,,,
1998,6,Tocino,Carne,Pescado,Pescado,Moluscos,Filetes,Miel,Carne,Carne,Pescado,Peces,Huevos,Otros,Leche,Suero,Leche,Carne,Mantequilla,Lactosuero,Quesos,Productos,Gallos,Carne,Crustáceos,Carne,,,,
1998,7,Carne,Peces,Lactosuero,Carne,Pescado,Carne,Productos,Moluscos,Otros,Quesos,Leche,Carne,Carne,Caballos,Suero,Tocino,Gallos,Crustáceos,Tripas,Leche,Filetes,Pescado,Mantequilla,Carne,,,,,
1998,8,Peces,Crustáceos,Filetes,Carne,Huevos,Moluscos,Caballos,Productos,Lactosuero,Pescado,Carne,Mantequilla,Pescado,Gallos,Leche,Leche,Animales,Suero,Carne,Tocino,Carne,Pescado,Animales,Quesos,,,,,
1998,9,Crustáceos,Pescado,Suero,Lactosuero,Gallos,Despojos,Otros,Carne,Moluscos,Pescado,Mantequilla,Filetes,Leche,Huevos,Peces,Animales,Quesos,Carne,Productos,Carne,Leche,Animales,Carne,Caballos,Miel,Tocino,Pescado,,
1998,10,Mantequilla,Suero,Leche,Gallos,Carne,Carne,Lactosuero,Crustáceos,Miel,Filetes,Otros,Pescado,Productos,Carne,Leche,Quesos,Pieles,Pescado,Peces,Moluscos,Caballos,,,,,,,,
1998,11,Carne,Filetes,Carne,Tocino,Peces,Carne,Crustáceos,Leche,Mantequilla,Leche,Moluscos,Miel,Huevos,Quesos,Suero,Pescado,Despojos,Productos,Gallos,Carne,Animales,Pescado,Pescado,Lactosuero,Otros,,,,
1998,12,Moluscos,Suero,Miel,Carne,Peces,Pieles,Carne,Otros,Carne,Pescado,Crustáceos,Productos,Filetes,Carne,Pescado,Despojos,Leche,Gallos,Tocino,Animales,Quesos,Pescado,Lactosuero,Leche,,,,,
1999,1,Filetes,Pescado,Crustáceos,Leche,Carne,Suero,Animales,Gallos,Mantequilla,Carne,Carne,Lactosuero,Huevos,Moluscos,Despojos,Otros,Leche,Carne,Quesos,Carne,Productos,Pescado,,,,,,,
1999,2,Carne,Leche,Despojos,Gallos,Miel,Pescado,Caballos,Productos,Tocino,Pescado,Crustáceos,Otros,Leche,Carne,Lactosuero,Suero,Filetes,Mantequilla,Quesos,Carne,Huevos,Peces,Carne,,,,,,
1999,3,Animales,Las,Suero,Carne,Crustáceos,Tocino,Quesos,Leche,Animales,Moluscos,Leche,Filetes,Carne,Productos,Pescado,Otros,Peces,Pescado,Carne,Lactosuero,Carne,Mantequilla,Carne,Gallos,Pescado,,,,
1999,4,Carne,Huevos,Animales,Marfil,Carne,Productos,Huesos,Suero,Cerdas,Despojos,Quesos,Carne,Animales,Peces,Gallos,Lactosuero,Pescado,Carne,Leche,Leche,Moluscos,Filetes,Pescado,Crustáceos,Tocino,Mantequilla,,,
1999,5,Huevos,Leche,Mantequilla,Suero,Caballos,Carne,Animales,Animales,Otros,Miel,Moluscos,Pescado,Carne,Carne,Pescado,Quesos,Tocino,Leche,Productos,Peces,Crustáceos,Pescado,Lactosuero,Tripas,Gallos,Carne,Filetes,,
1999,6,Carne,Mantequilla,Lactosuero,Huevos,Carne,Moluscos,Leche,Tocino,Productos,Crustáceos,Quesos,Caballos,Leche,Suero,Carne,Carne,Pescado,Pescado,Filetes,Otros,Huevos,Gallos,Peces,,,,,,
1999,7,Animales,Mantequilla,Pieles,Leche,Leche,Huevos,Moluscos,Quesos,Gallos,Tripas,Animales,Crustáceos,Carne,Pescado,Tocino,Suero,Productos,Pescado,Lactosuero,Otros,Carne,Filetes,Carne,Peces,,,,,
1999,8,Caballos,Productos,Leche,Animales,Carne,Carne,Despojos,Animales,Crustáceos,Pescado,Peces,Filetes,Mantequilla,Carne,Leche,Suero,Tocino,Quesos,Carne,Gallos,Huevos,Lactosuero,,,,,,,
1999,9,Suero,Leche,Crustáceos,Otros,Lactosuero,Peces,Leche,Filetes,Carne,Carne,Pescado,Mantequilla,Animales,Despojos,Tocino,Animales,Moluscos,Carne,Productos,Huevos,Carne,Marfil,Pescado,Quesos,Pescado,Gallos,,,
1999,10,Despojos,Miel,Carne,Carne,Tocino,Pescado,Leche,Carne,Gallos,Leche,Crustáceos,Mantequilla,Carne,Suero,Productos,Moluscos,Huevos,Quesos,Lactosuero,Animales,Pescado,Caballos,Otros,Pescado,Filetes,,,,
1999,11,Leche,Caballos,Gallos,Lactosuero,Productos,Tocino,Despojos,Suero,Miel,Pescado,Moluscos,Carne,Mantequilla,Huevos,Carne,Filetes,Animales,Otros,Carne,Pescado,Carne,Carne,Crustáceos,Animales,Quesos,Leche,Peces,,
1999,12,Leche,Suero,Productos,Pescado,Pescado,Despojos,Miel,Carne,Productos,Filetes,Carne,Leche,Animales,Tocino,Quesos,Pescado,Moluscos,Huevos,Lactosuero,Carne,Caballos,Otros,Carne,Mantequilla,Crustáceos,Peces,Gallos,,
2000,1,Gallos,Miel,Pescado,Carne,Lactosuero,Leche,Moluscos,Carne,Mantequilla,Pescado,Animales,Filetes,Suero,Tocino,Otros,Pescado,Animales,Leche,Quesos,Carne,Caballos,Carne,Productos,Crustáceos,Carne,Despojos,Pieles,,
2000,2,Pescado,Suero,Filetes,Carne,Pescado,Productos,Despojos,Miel,Carne,Animales,Gallos,Productos,Huevos,Leche,Tocino,Moluscos,Pescado,Peces,Carne,Leche,Carne,Crustáceos,Carne,Caballos,Mantequilla,Lactosuero,Quesos,,
2000,3,Productos,Miel,Productos,Tocino,Gallos,Suero,Carne,Carne,Animales,Filetes,Carne,Mantequilla,Despojos,Pescado,Lactosuero,Tripas,Peces,Crustáceos,Otros,Leche,Carne,Moluscos,Leche,Pescado,Quesos,Animales,Pescado,Carne,Huevos
2000,4,Huevos,Carne,Leche,Tripas,Productos,Leche,Suero,Peces,Filetes,Mantequilla,Moluscos,Crustáceos,Animales,Tocino,Carne,Huevos,Pescado,Carne,Despojos,Gallos,Carne,Quesos,Pescado,,,,,,
2000,5,Pescado,Huevos,Animales,Carne,Carne,Despojos,Animales,Pieles,Quesos,Tripas,Crustáceos,Tocino,Suero,Carne,Peces,Pescado,Filetes,Lactosuero,Pescado,Mantequilla,Gallos,Productos,Moluscos,Carne,Carne,Miel,Leche,Leche,
2000,6,Pieles,Caballos,Suero,Carne,Gallos,Despojos,Huevos,Pescado,Leche,Tocino,Miel,Leche,Pescado,Mantequilla,Pescado,Moluscos,Carne,Marfil,Crustáceos,Filetes,Productos,Animales,Carne,Peces,Huevos,Carne,Carne,Lactosuero,Quesos
2000,7,Otros,Carne,Carne,Despojos,Pescado,Productos,Quesos,Filetes,Gallos,Leche,Caballos,Miel,Animales,Tocino,Moluscos,Pescado,Peces,Leche,Lactosuero,Mantequilla,Suero,Crustáceos,Huevos,Carne,,,,,
2000,8,Leche,Carne,Despojos,Crustáceos,Huevos,Suero,Productos,Huevos,Carne,Moluscos,Tripas,Carne,Gallos,Carne,Quesos,Filetes,Mantequilla,Miel,Animales,Tocino,Leche,Pescado,Lactosuero,Pescado,Caballos,Pescado,,,
2000,9,Pieles,Productos,Leche,Carne,Leche,Despojos,Crustáceos,Huevos,Carne,Quesos,Carne,Carne,Tocino,Moluscos,Mantequilla,Caballos,Peces,Suero,Pescado,Pescado,Otros,Gallos,Lactosuero,Pescado,Huevos,Animales,Filetes,,
2000,10,Animales,Moluscos,Pescado,Carne,Peces,Mantequilla,Animales,Leche,Miel,Quesos,Tocino,Pescado,Productos,Suero,Carne,Tripas,Productos,Gallos,Crustáceos,Carne,Despojos,Huevos,Leche,Filetes,Carne,,,,
2000,11,Carne,Caballos,Otros,Moluscos,Suero,Coral,Quesos,Animales,Pescado,Mantequilla,Leche,Crustáceos,Despojos,Miel,Carne,Gallos,Pescado,Filetes,Productos,Huevos,Tocino,Leche,Carne,Carne,Lactosuero,Peces,,,
2000,12,Filetes,Pieles,Crustáceos,Tocino,Huevos,Peces,Quesos,Caballos,Gallos,Animales,Pescado,Carne,Otros,Carne,Leche,Huevos,Carne,Productos,Suero,Leche,Lactosuero,Pescado,Miel,Carne,Moluscos,Despojos,Pescado,Mantequilla,Animales
2001,1,Productos,Filetes,Gallos,Crustáceos,Mantequilla,Miel,Carne,Huevos,Pescado,Huevos,Productos,Pescado,Tocino,Moluscos,Carne,Animales,Leche,Pescado,Quesos,Carne,Animales,Leche,Carne,Caballos,Suero,Despojos,Lactosuero,,
2001,2,Leche,Tripas,Carne,Despojos,Suero,Productos,Crustáceos,Pescado,Gallos,Carne,Animales,Lactosuero,Pescado,Carne,Leche,Quesos,Moluscos,Peces,Pescado,Animales,Filetes,Carne,Miel,Coral,Pieles,Carne,Tocino,Mantequilla,
2001,3,Mantequilla,Filetes,Pieles,Lactosuero,Suero,Pescado,Quesos,Despojos,Miel,Crustáceos,Gallos,Tocino,Leche,Leche,Pescado,Animales,Carne,Carne,Productos,Moluscos,Huevos,Carne,Peces,Pescado,Carne,,,,
2001,4,Leche,Crustáceos,Gallos,Carne,Carne,Pescado,Lactosuero,Mantequilla,Huevos,Caballos,Huevos,Despojos,Miel,Pescado,Tripas,Filetes,Pescado,Leche,Suero,Carne,Carne,Pieles,Animales,Moluscos,Quesos,,,,
2001,5,Despojos,Lactosuero,Otros,Suero,Tocino,Huevos,Carne,Caballos,Carne,Pescado,Crustáceos,Carne,Leche,Gallos,Moluscos,Huevos,Filetes,Productos,Tripas,Mantequilla,Peces,Pescado,Miel,Quesos,Animales,Leche,,,
2001,6,Gallos,Animales,Huevos,Miel,Pescado,Huevos,Quesos,Pescado,Tocino,Pieles,Moluscos,Tripas,Lactosuero,Leche,Huesos,Filetes,Mantequilla,Leche,Crustáceos,Carne,Pescado,Productos,Caballos,Carne,Suero,,,,
2001,7,Pescado,Mantequilla,Gallos,Pieles,Suero,Pescado,Huevos,Peces,Leche,Leche,Moluscos,Animales,Carne,Crustáceos,Caballos,Carne,Pescado,Filetes,Productos,Quesos,Huevos,Tocino,Carne,Lactosuero,Despojos,,,,
2001,8,Huevos,Animales,Carne,Quesos,Moluscos,Leche,Animales,Pescado,Carne,Tripas,Pescado,Miel,Crustáceos,Filetes,Huevos,Gallos,Carne,Suero,Productos,Lactosuero,Tocino,Pescado,Mantequilla,Carne,Caballos,Leche,Peces,,
2001,9,Productos,Pescado,Pescado,Otros,Moluscos,Gallos,Huevos,Miel,Carne,Leche,Quesos,Mantequilla,Pescado,Peces,Caballos,Huevos,Suero,Animales,Lactosuero,Carne,Filetes,Crustáceos,Leche,,,,,,
2001,10,Mantequilla,Lactosuero,Carne,Tripas,Tocino,Quesos,Coral,Pescado,Animales,Moluscos,Productos,Filetes,Leche,Carne,Pescado,Suero,Caballos,Miel,Despojos,Leche,Gallos,Crustáceos,Pescado,Carne,Peces,,,,
2001,11,Leche,Animales,Carne,Carne,Moluscos,Mantequilla,Otros,Miel,Suero,Filetes,Leche,Lactosuero,Animales,Crustáceos,Gallos,Peces,Productos,Pescado,Huevos,Caballos,Despojos,Tocino,Pescado,Pescado,Quesos,,,,
2001,12,Carne,Moluscos,Quesos,Leche,Animales,Gallos,Productos,Filetes,Lactosuero,Pescado,Productos,Pescado,Carne,Carne,Animales,Huevos,Mantequilla,Crustáceos,Otros,Tocino,Leche,Pescado,Suero,Carne,Huevos,Peces,,,
2002,1,Gallos,Suero,Huevos,Quesos,Huevos,Leche,Despojos,Crustáceos,Otros,Pescado,Peces,Mantequilla,Pescado,Tocino,Carne,Pescado,Lactosuero,Productos,Productos,Carne,Carne,Filetes,Leche,Miel,,,,,
2002,2,Suero,Animales,Lactosuero,Leche,Leche,Tocino,Mantequilla,Pescado,Gallos,Crustáceos,Pescado,Productos,Quesos,Moluscos,Carne,Miel,Filetes,Productos,Pescado,,,,,,,,,,
2002,3,Ambar,Gallos,Filetes,Despojos,Animales,Tripas,Animales,Huevos,Suero,Carne,Carne,Mantequilla,Caballos,Moluscos,Productos,Huevos,Crustáceos,Lactosuero,Carne,Pescado,Leche,Productos,Peces,Otros,Pescado,Quesos,Leche,Carne,Pescado
2002,4,Pescado,Mantequilla,Otros,Leche,Pescado,Peces,Animales,Crustáceos,Huevos,Gallos,Carne,Huevos,Filetes,Pescado,Lactosuero,Quesos,Moluscos,Ambar,Miel,Suero,Animales,Leche,Productos,Productos,Carne,,,,
2002,5,Leche,Quesos,Huevos,Animales,Pescado,Carne,Productos,Suero,Pescado,Gallos,Productos,Pieles,Peces,Crustáceos,Moluscos,Lactosuero,Miel,Filetes,Mantequilla,Leche,Pescado,,,,,,,,
2002,6,Suero,Caballos,Filetes,Huevos,Leche,Otros,Leche,Animales,Crustáceos,Pescado,Pescado,Mantequilla,Lactosuero,Carne,Moluscos,Tocino,Carne,Pescado,Gallos,Miel,Productos,Huevos,Quesos,,,,,,
2002,7,Otros,Pescado,Ambar,Huevos,Suero,Pescado,Animales,Miel,Mantequilla,Tripas,Gallos,Lactosuero,Productos,Carne,Crustáceos,Quesos,Leche,Caballos,Pescado,Moluscos,Carne,Leche,Filetes,Carne,Productos,,,,
2002,8,Crustáceos,Filetes,Tocino,Mantequilla,Suero,Productos,Lactosuero,Miel,Despojos,Leche,Gallos,Carne,Leche,Pescado,Quesos,Peces,Otros,Pescado,Productos,Moluscos,,,,,,,,,
2002,9,Peces,Carne,Pescado,Suero,Quesos,Leche,Filetes,Gallos,Pieles,Carne,Animales,Moluscos,Tocino,Carne,Pescado,Crustáceos,Productos,Otros,Lactosuero,Mantequilla,Leche,Productos,,,,,,,
2002,10,Lactosuero,Leche,Peces,Carne,Quesos,Mantequilla,Leche,Gallos,Tripas,Otros,Pescado,Animales,Filetes,Productos,Moluscos,Suero,Ambar,Productos,Miel,Carne,Caballos,Pescado,Crustáceos,,,,,,
2002,11,Productos,Mantequilla,Pescado,Suero,Crustáceos,Carne,Pieles,Filetes,Animales,Pescado,Caballos,Productos,Leche,Pescado,Lactosuero,Moluscos,Peces,Quesos,Miel,Otros,Gallos,Carne,Leche,,,,,,
2002,12,Tocino,Leche,Moluscos,Productos,Quesos,Leche,Crustáceos,Mantequilla,Peces,Miel,Carne,Pescado,Carne,Filetes,Lactosuero,Gallos,Pescado,Carne,Otros,Suero,Carne,,,,,,,,
2003,1,Carne,Otros,Ambar,Miel,Productos,Huevos,Leche,Quesos,Pieles,Moluscos,Mantequilla,Filetes,Pescado,Peces,Productos,Pescado,Gallos,Pescado,Caballos,Crustáceos,Leche,Lactosuero,Carne,,,,,,
2003,2,Lactosuero,Crustáceos,Otros,Tocino,Suero,Moluscos,Pescado,Leche,Carne,Productos,Gallos,Peces,Filetes,Leche,Quesos,Pescado,Mantequilla,,,,,,,,,,,,
2003,3,Filetes,Pescado,Productos,Productos,Leche,Pieles,Quesos,Gallos,Pescado,Leche,Crustáceos,Otros,Mantequilla,Pescado,Lactosuero,Miel,Moluscos,Suero,,,,,,,,,,,
2003,4,Leche,Lactosuero,Huevos,Animales,Otros,Gallos,Pescado,Crustáceos,Pescado,Mantequilla,Productos,Moluscos,Peces,Quesos,Carne,Productos,Miel,Leche,Suero,Filetes,Pescado,,,,,,,,
2003,5,Suero,Productos,Lactosuero,Caballos,Leche,Filetes,Otros,Mantequilla,Carne,Gallos,Leche,Crustáceos,Quesos,Miel,Moluscos,Pescado,,,,,,,,,,,,,
2003,6,Pescado,Huevos,Mantequilla,Crustáceos,Tripas,Leche,Leche,Suero,Pescado,Productos,Carne,Peces,Lactosuero,Pescado,Quesos,Filetes,Otros,Gallos,Moluscos,Miel,Animales,,,,,,,,
2003,7,Quesos,Huevos,Miel,Otros,Filetes,Mantequilla,Pescado,Peces,Leche,Crustáceos,Productos,Suero,Gallos,Pescado,Leche,Lactosuero,Moluscos,Animales,,,,,,,,,,,
2003,8,Gallos,Quesos,Pescado,Moluscos,Suero,Pieles,Pescado,Filetes,Peces,Caballos,Mantequilla,Otros,Lactosuero,Crustáceos,Huevos,Leche,Carne,Leche,,,,,,,,,,,
2003,9,Gallos,Huevos,Moluscos,Animales,Huevos,Leche,Tripas,Lactosuero,Animales,Quesos,Suero,Productos,Pescado,Caballos,Pescado,Leche,Miel,Mantequilla,Peces,Crustáceos,Otros,Filetes,,,,,,,
2003,10,Peces,Carne,Leche,Quesos,Pescado,Animales,Mantequilla,Carne,Lactosuero,Otros,Filetes,Crustáceos,Moluscos,Productos,Gallos,Leche,Suero,Miel,,,,,,,,,,,
2003,11,Leche,Suero,Huevos,Huevos,Carne,Quesos,Carne,Crustáceos,Productos,Mantequilla,Moluscos,Pescado,Productos,Miel,Gallos,Pescado,Leche,Pescado,Otros,Lactosuero,Filetes,Peces,,,,,,,
2003,12,Huevos,Pescado,Carne,Leche,Leche,Pescado,Productos,Quesos,Productos,Miel,Otros,Moluscos,Mantequilla,Gallos,Crustáceos,Animales,Huevos,Tocino,Peces,Pescado,Filetes,Tripas,Carne,Animales,Suero,,,,
2004,1,Productos,Despojos,Miel,Otros,Pescado,Quesos,Peces,Mantequilla,Moluscos,Crustáceos,Leche,Lactosuero,Carne,Gallos,Pescado,Filetes,Leche,Ambar,Suero,,,,,,,,,,
2004,2,Carne,Animales,Quesos,Lactosuero,Pescado,Mantequilla,Otros,Peces,Pescado,Carne,Leche,Despojos,Suero,Filetes,Productos,Gallos,Miel,Pescado,Crustáceos,Animales,Leche,Huevos,Moluscos,,,,,,
2004,3,Otros,Tripas,Carne,Despojos,Quesos,Mantequilla,Lactosuero,Crustáceos,Moluscos,Leche,Leche,Carne,Caballos,Pescado,Miel,Gallos,Pescado,Suero,Productos,Peces,Filetes,,,,,,,,
2004,4,Pescado,Pescado,Pescado,Leche,Peces,Leche,Moluscos,Productos,Huevos,Crustáceos,Suero,Huevos,Mantequilla,Miel,Otros,Carne,Lactosuero,Quesos,Animales,Gallos,Filetes,Despojos,,,,,,,
2004,5,Carne,Quesos,Crustáceos,Tocino,Mantequilla,Huevos,Otros,Miel,Leche,Gallos,Moluscos,Pescado,Caballos,Pescado,Peces,Filetes,Pieles,Pescado,Leche,Lactosuero,Suero,Despojos,,,,,,,
2004,6,Carne,Gallos,Carne,Filetes,Huevos,Productos,Leche,Leche,Animales,Pescado,Mantequilla,Despojos,Productos,Suero,Crustáceos,Pescado,Las,Tripas,Quesos,,,,,,,,,,
2004,7,Quesos,Carne,Pescado,Carne,Leche,Tocino,Pescado,Carne,Huevos,Crustáceos,Mantequilla,Carne,Caballos,Filetes,Huevos,Despojos,Peces,Moluscos,Gallos,Leche,Suero,,,,,,,,
2004,8,Filetes,Pescado,Gallos,Leche,Lactosuero,Tocino,Leche,Crustáceos,Despojos,Carne,Mantequilla,Suero,Carne,Tripas,Miel,Productos,Pescado,Huevos,Moluscos,Quesos,,,,,,,,,
2004,9,Tripas,Suero,Mantequilla,Carne,Filetes,Quesos,Pescado,Peces,Moluscos,Lactosuero,Crustáceos,Leche,Miel,Productos,Pescado,Despojos,Tocino,Leche,Caballos,Gallos,Pieles,,,,,,,,
2004,10,Suero,Gallos,Huevos,Quesos,Miel,Carne,Mantequilla,Leche,Filetes,Otros,Pescado,Leche,Carne,Despojos,Lactosuero,Crustáceos,Moluscos,Productos,,,,,,,,,,,
2004,11,Pescado,Suero,Otros,Huevos,Gallos,Mantequilla,Leche,Tripas,Animales,Miel,Quesos,Carne,Despojos,Leche,Carne,Pescado,Lactosuero,Crustáceos,Filetes,,,,,,,,,,
2004,12,Caballos,Suero,Peces,Productos,Otros,Leche,Carne,Filetes,Gallos,Pescado,Crustáceos,Despojos,Mantequilla,Moluscos,Pescado,Pescado,Leche,Lactosuero,Huevos,Quesos,Miel,,,,,,,,
2005,1,Peces,Despojos,Filetes,Suero,Quesos,Pescado,Moluscos,Gallos,Lactosuero,Leche,Mantequilla,Pescado,Huevos,Leche,Crustáceos,Productos,Carne,,,,,,,,,,,,
2005,2,Productos,Pescado,Filetes,Crustáceos,Lactosuero,Suero,Carne,Miel,Animales,Productos,Peces,Moluscos,Leche,Quesos,Despojos,Huevos,Leche,Gallos,Pescado,Mantequilla,Carne,Otros,,,,,,,
2005,3,Quesos,Crustáceos,Productos,Lactosuero,Pescado,Moluscos,Caballos,Suero,Pescado,Productos,Leche,Filetes,Carne,Tripas,Otros,Huevos,Pescado,Mantequilla,Despojos,Leche,Peces,Gallos,,,,,,,
2005,4,Suero,Quesos,Leche,Productos,Pescado,Mantequilla,Crustáceos,Carne,Carne,Gallos,Otros,Moluscos,Leche,Pescado,Lactosuero,Pescado,Despojos,Miel,Caballos,Filetes,Peces,,,,,,,,
2005,5,Carne,Moluscos,Quesos,Lactosuero,Crustáceos,Despojos,Leche,Caballos,Gallos,Carne,Miel,Pescado,Productos,Pescado,Leche,Mantequilla,Otros,Huevos,Suero,Filetes,Carne,,,,,,,,
2005,6,Pescado,Crustáceos,Moluscos,Suero,Filetes,Carne,Pescado,Productos,Miel,Lactosuero,Huevos,Tocino,Caballos,Despojos,Gallos,Leche,Quesos,Mantequilla,Leche,Otros,,,,,,,,,
2005,7,Productos,Suero,Carne,Gallos,Lactosuero,Mantequilla,Miel,Otros,Quesos,Pescado,Animales,Filetes,Pescado,Despojos,Crustáceos,Leche,Huevos,Coral,Ambar,Leche,Carne,,,,,,,,
2005,8,Gallos,Lactosuero,Pescado,Leche,Quesos,Moluscos,Carne,Crustáceos,Filetes,Caballos,Productos,Pescado,Otros,Despojos,Miel,Mantequilla,Suero,Carne,Huevos,Pescado,Leche,,,,,,,,
2005,9,Filetes,Crustáceos,Carne,Moluscos,Quesos,Despojos,Leche,Miel,Caballos,Gallos,Pescado,Productos,Otros,Pescado,Carne,Suero,Leche,Tripas,Lactosuero,Mantequilla,Huevos,Pescado,,,,,,,
2005,10,Leche,Carne,Otros,Huevos,Suero,Productos,Mantequilla,Moluscos,Filetes,Carne,Leche,Miel,Pescado,Gallos,Crustáceos,Quesos,Lactosuero,Tripas,Las,Pescado,,,,,,,,,
2005,11,Mantequilla,Productos,Pescado,Leche,Miel,Leche,Gallos,Huevos,Productos,Carne,Despojos,Suero,Pescado,Quesos,Carne,Crustáceos,Moluscos,Otros,Caballos,Lactosuero,Filetes,,,,,,,,
2005,12,Mantequilla,Despojos,Suero,Caballos,Miel,Moluscos,Carne,Peces,Gallos,Lactosuero,Filetes,Leche,Leche,Pescado,Productos,Huevos,Quesos,Pescado,Pescado,Crustáceos,,,,,,,,,
2006,1,Coral,Miel,Suero,Despojos,Pescado,Leche,Animales,Gallos,Lactosuero,Huevos,Quesos,Filetes,Productos,Pescado,Otros,Crustáceos,Peces,Pescado,Carne,Moluscos,Leche,Carne,Mantequilla,,,,,,
2006,2,Quesos,Mantequilla,Lactosuero,Carne,Filetes,Leche,Pescado,Miel,Suero,Gallos,Leche,Pescado,Animales,,,,,,,,,,,,,,,,
2006,3,Lactosuero,Leche,Gallos,Otros,Pescado,Mantequilla,Quesos,Huevos,Crustáceos,Carne,Carne,Peces,Leche,Pescado,Productos,Suero,Pescado,Miel,Moluscos,Filetes,Tocino,,,,,,,,
2006,4,Carne,Huevos,Pescado,Lactosuero,Crustáceos,Quesos,Productos,Leche,Peces,Suero,Mantequilla,Pescado,Miel,Pescado,Moluscos,Caballos,Filetes,Tripas,Carne,Leche,Gallos,,,,,,,,
2006,5,Mantequilla,Huevos,Carne,Gallos,Otros,Lactosuero,Productos,Suero,Despojos,Leche,Quesos,Miel,Filetes,Leche,Pescado,,,,,,,,,,,,,,
2006,6,Crustáceos,Miel,Huevos,Carne,Peces,Productos,Filetes,Leche,Carne,Gallos,Pescado,Lactosuero,Mantequilla,Pescado,Suero,Despojos,Animales,Quesos,Pescado,Leche,,,,,,,,,
2006,7,Lactosuero,Caballos,Filetes,Moluscos,Otros,Gallos,Pescado,Miel,Huevos,Animales,Quesos,Leche,Productos,Animales,Leche,Suero,Despojos,Carne,Mantequilla,,,,,,,,,,
2006,8,Carne,Otros,Crustáceos,Quesos,Suero,Miel,Gallos,Pescado,Pescado,Leche,Filetes,Mantequilla,Lactosuero,Tripas,Productos,Huevos,Leche,Moluscos,Pescado,,,,,,,,,,
2006,9,Animales,Pescado,Filetes,Suero,Leche,Tripas,Moluscos,Despojos,Miel,Productos,Pescado,Lactosuero,Leche,Crustáceos,Carne,Quesos,Gallos,Pescado,Mantequilla,Huevos,,,,,,,,,
2006,10,Peces,Leche,Carne,Quesos,Leche,Huevos,Suero,Carne,Huevos,Gallos,Pescado,Animales,Pescado,Ambar,Crustáceos,Otros,Caballos,Productos,Lactosuero,Miel,Pescado,Animales,Mantequilla,,,,,,
2006,11,Otros,Crustáceos,Carne,Pescado,Carne,Lactosuero,Caballos,Huevos,Pescado,Quesos,Pescado,Miel,Mantequilla,Leche,Suero,Gallos,Leche,Filetes,Productos,,,,,,,,,,
2006,12,Lactosuero,Pescado,Pescado,Quesos,Crustáceos,Tripas,Carne,Filetes,Pescado,Mantequilla,Productos,Huevos,Miel,Animales,Carne,Suero,Moluscos,Leche,Leche,Gallos,,,,,,,,,
2007,1,Pescado,Leche,Otros,Mantequilla,Leche,Pescado,Carne,Tripas,Productos,Quesos,Carne,Gallos,Suero,Pieles,Filetes,Peces,Huevos,Pescado,,,,,,,,,,,
2007,2,Mantequilla,Pescado,Leche,Quesos,Caballos,Animales,Leche,Huevos,Pescado,Filetes,Miel,Despojos,Gallos,Lactosuero,Suero,Carne,Pieles,Pescado,Productos,,,,,,,,,,
2007,3,Pescado,Leche,Suero,Pescado,Filetes,Productos,Crustáceos,Leche,Pescado,Lactosuero,Mantequilla,Quesos,Animales,Otros,Huevos,Gallos,Caballos,Carne,Carne,Miel,,,,,,,,,
2007,4,Leche,Miel,Crustáceos,Pescado,Filetes,Carne,Carne,Gallos,Otros,Tripas,Suero,Pescado,Productos,Quesos,Pescado,Mantequilla,Moluscos,Leche,Lactosuero,,,,,,,,,,
2007,5,Peces,Leche,Carne,Productos,Crustáceos,Quesos,Leche,Despojos,Gallos,Mantequilla,Miel,Carne,Lactosuero,Caballos,Pescado,Suero,Huevos,Pescado,Filetes,,,,,,,,,,
2007,6,Despojos,Leche,Productos,Pescado,Otros,Animales,Tripas,Miel,Moluscos,Pescado,Lactosuero,Gallos,Leche,Filetes,Mantequilla,Huevos,Carne,Pescado,Quesos,Suero,,,,,,,,,
2007,7,Suero,Lactosuero,Carne,Pescado,Animales,Productos,Productos,Otros,Quesos,Leche,Carne,Mantequilla,Filetes,Gallos,Leche,Crustáceos,Huevos,Miel,Pescado,Despojos,,,,,,,,,
2007,8,Pescado,Huevos,Quesos,Moluscos,Carne,Carne,Animales,Pescado,Lactosuero,Productos,Leche,Despojos,Crustáceos,Filetes,Mantequilla,Suero,Leche,Pieles,Miel,Gallos,Pescado,Productos,Animales,Otros,,,,,
2007,9,Mantequilla,Peces,Productos,Pescado,Gallos,Suero,Pescado,Lactosuero,Filetes,Miel,Carne,Leche,Huevos,Quesos,Leche,Carne,Pescado,,,,,,,,,,,,
2007,10,Carne,Huevos,Productos,Carne,Quesos,Lactosuero,Pescado,Suero,Animales,Filetes,Leche,Tocino,Mantequilla,Otros,Leche,Moluscos,Pescado,Miel,Despojos,Gallos,,,,,,,,,
2007,11,Mantequilla,Leche,Quesos,Productos,Gallos,Miel,Pescado,Carne,Huevos,Lactosuero,Pescado,Suero,Filetes,Huevos,Leche,Carne,Moluscos,Pescado,Crustáceos,,,,,,,,,,
2007,12,Pescado,Animales,Carne,Quesos,Despojos,Gallos,Productos,Pescado,Suero,Huevos,Crustáceos,Huevos,Leche,Mantequilla,Leche,Carne,Pescado,Filetes,Otros,Carne,,,,,,,,,
2008,1,Pescado,Tripas,Quesos,Mantequilla,Miel,Crustáceos,Leche,Carne,Suero,Leche,Lactosuero,Otros,Carne,Pescado,Gallos,Animales,Productos,Carne,,,,,,,,,,,
2008,2,Suero,Gallos,Carne,Moluscos,Quesos,Crustáceos,Tripas,Carne,Carne,Huevos,Pescado,Miel,Pescado,Lactosuero,Carne,Leche,Pescado,Mantequilla,Leche,Productos,Filetes,,,,,,,,
2008,3,Quesos,Miel,Pescado,Carne,Gallos,Suero,Leche,Carne,Huevos,Pescado,Mantequilla,Carne,Lactosuero,Filetes,Leche,Crustáceos,Productos,,,,,,,,,,,,
2008,4,Carne,Gallos,Leche,Pescado,Leche,Otros,Animales,Pescado,Mantequilla,Carne,Lactosuero,Suero,Miel,Pieles,Moluscos,Productos,Pescado,Animales,Quesos,Crustáceos,Huevos,Peces,Filetes,,,,,,
2008,5,Caballos,Carne,Huevos,Pescado,Pescado,Mantequilla,Pescado,Huevos,Carne,Suero,Moluscos,Lactosuero,Quesos,Gallos,Productos,Leche,Leche,Filetes,,,,,,,,,,,
2008,6,Suero,Quesos,Otros,Tripas,Mantequilla,Lactosuero,Huevos,Leche,Productos,Pescado,Huevos,Carne,Leche,Pescado,Carne,Gallos,Pescado,,,,,,,,,,,,
2008,7,Leche,Huevos,Mantequilla,Animales,Crustáceos,Suero,Leche,Miel,Moluscos,Huevos,Ambar,Pieles,Pescado,Quesos,Lactosuero,Pescado,Animales,Filetes,Otros,Gallos,,,,,,,,,
2008,8,Suero,Huevos,Productos,Lactosuero,Animales,Crustáceos,Huevos,Otros,Pescado,Pieles,Miel,Tripas,Filetes,Gallos,Pescado,Moluscos,Leche,Carne,Leche,Carne,Quesos,Mantequilla,,,,,,,
2008,9,Ambar,Gallos,Miel,Suero,Quesos,Carne,Huevos,Tripas,Pescado,Crustáceos,Carne,Lactosuero,Productos,Filetes,Otros,Leche,Leche,,,,,,,,,,,,
2008,10,Mantequilla,Lactosuero,Carne,Filetes,Huevos,Pescado,Gallos,Leche,Pescado,Productos,Leche,Quesos,Suero,Miel,,,,,,,,,,,,,,,
2008,11,Miel,Moluscos,Productos,Peces,Pescado,Gallos,Animales,Filetes,Lactosuero,Quesos,Pescado,Leche,Suero,Leche,Otros,Carne,Mantequilla,Carne,Huevos,,,,,,,,,,
2008,12,Otros,Leche,Pescado,Suero,Huevos,Miel,Carne,Carne,Pescado,Animales,Caballos,Filetes,Lactosuero,Crustáceos,Leche,Gallos,Mantequilla,Quesos,,,,,,,,,,,
2009,1,Huevos,Leche,Mantequilla,Quesos,Pescado,Crustáceos,Productos,Carne,Suero,Gallos,Lactosuero,Leche,Pescado,Carne,Productos,Filetes,,,,,,,,,,,,,
2009,2,Leche,Mantequilla,Carne,Gallos,Leche,Quesos,Animales,Pescado,Cerdas,Crustáceos,Huevos,Lactosuero,Carne,Productos,Suero,Caballos,,,,,,,,,,,,,
2009,3,Quesos,Suero,Carne,Peces,Pescado,Filetes,Miel,Leche,Mantequilla,Carne,Productos,Gallos,Huevos,Pescado,Huevos,Lactosuero,Carne,Animales,Leche,Pescado,,,,,,,,,
2009,4,Caballos,Pescado,Pescado,Gallos,Mantequilla,Huevos,Filetes,Productos,Carne,Moluscos,Pescado,Animales,Quesos,Crustáceos,Leche,Carne,Lactosuero,Carne,Miel,Tripas,Suero,Leche,,,,,,,
2009,5,Suero,Lactosuero,Leche,Huevos,Miel,Crustáceos,Carne,Productos,Leche,Otros,Quesos,Carne,Carne,Animales,Mantequilla,Gallos,Pescado,Huevos,Pescado,,,,,,,,,,
2009,6,Lactosuero,Leche,Leche,Pescado,Huevos,Gallos,Huevos,Carne,Quesos,Animales,Suero,Crustáceos,Productos,Carne,Pescado,Otros,Mantequilla,Animales,Filetes,,,,,,,,,,
2009,7,Gallos,Huevos,Carne,Leche,Leche,Moluscos,Crustáceos,Productos,Carne,Carne,Pescado,Filetes,Quesos,Otros,Suero,Mantequilla,Lactosuero,Huevos,Miel,,,,,,,,,,
2009,8,Tocino,Filetes,Carne,Lactosuero,Mantequilla,Carne,Animales,Pescado,Quesos,Huevos,Gallos,Leche,Miel,Suero,Huevos,Carne,Carne,Leche,Crustáceos,Pescado,Otros,,,,,,,,
2009,9,Lactosuero,Productos,Carne,Huevos,Carne,Pescado,Filetes,Gallos,Miel,Carne,Mantequilla,Animales,Otros,Quesos,Pescado,Suero,Leche,Leche,Carne,,,,,,,,,,
2009,10,Carne,Carne,Quesos,Carne,Mantequilla,Huevos,Las,Pescado,Pescado,Carne,Gallos,Tripas,Leche,Otros,Lactosuero,Animales,Filetes,Suero,Productos,Leche,Huevos,Animales,,,,,,,
2009,11,Mantequilla,Filetes,Huevos,Pescado,Leche,Gallos,Animales,Carne,Suero,Caballos,Crustáceos,Leche,Carne,Lactosuero,Quesos,Carne,Huevos,Moluscos,Carne,Otros,Miel,Pescado,,,,,,,
2009,12,Lactosuero,Suero,Otros,Carne,Animales,Animales,Gallos,Mantequilla,Carne,Productos,Miel,Pescado,Quesos,Crustáceos,Pescado,Huevos,Leche,Leche,Filetes,,,,,,,,,,
2010,1,Pescado,Productos,Leche,Tripas,Crustáceos,Leche,Productos,Miel,Animales,Peces,Carne,Suero,Gallos,Carne,Quesos,Lactosuero,Huevos,Mantequilla,,,,,,,,,,,
2010,2,Quesos,Filetes,Carne,Moluscos,Tocino,Pescado,Suero,Leche,Pescado,Gallos,Animales,Huevos,Lactosuero,Carne,Crustáceos,Carne,Otros,Mantequilla,Productos,Leche,Pescado,Animales,Miel,,,,,,
2010,3,Mantequilla,Filetes,Moluscos,Huevos,Carne,Productos,Otros,Productos,Lactosuero,Gallos,Tripas,Carne,Miel,Carne,Suero,Pescado,Quesos,Leche,Leche,,,,,,,,,,
2010,4,Leche,Quesos,Leche,Crustáceos,Pescado,Filetes,Carne,Pescado,Moluscos,Mantequilla,Suero,Miel,Lactosuero,Carne,Animales,Gallos,Productos,Pescado,Otros,Productos,,,,,,,,,
2010,5,Despojos,Leche,Carne,Lactosuero,Filetes,Quesos,Huevos,Pescado,Carne,Gallos,Crustáceos,Suero,Miel,Tripas,Carne,Carne,Mantequilla,Moluscos,Pescado,Productos,Leche,,,,,,,,
2010,6,Otros,Leche,Productos,Gallos,Quesos,Miel,Animales,Animales,Pescado,Productos,Suero,Tripas,Mantequilla,Carne,Crustáceos,Pescado,Huevos,Carne,Moluscos,Leche,Lactosuero,,,,,,,,
2010,7,Mantequilla,Carne,Leche,Suero,Pescado,Productos,Gallos,Carne,Pescado,Lactosuero,Quesos,Crustáceos,Miel,Leche,Huevos,,,,,,,,,,,,,,
2010,8,Filetes,Lactosuero,Pescado,Huevos,Suero,Mantequilla,Productos,Leche,Carne,Miel,Carne,Tripas,Gallos,Otros,Leche,Crustáceos,Pescado,Quesos,,,,,,,,,,,
2010,9,Carne,Otros,Carne,Pescado,Huevos,Suero,Leche,Lactosuero,Crustáceos,Animales,Filetes,Carne,Mantequilla,Pescado,Quesos,Leche,Gallos,Miel,,,,,,,,,,,
2010,10,Productos,Leche,Pescado,Tripas,Otros,Carne,Suero,Mantequilla,Huevos,Quesos,Filetes,Leche,Animales,Gallos,Lactosuero,Animales,Pescado,Pieles,Moluscos,Miel,,,,,,,,,
2010,11,Gallos,Productos,Suero,Otros,Quesos,Moluscos,Tripas,Peces,Miel,Mantequilla,Carne,Huevos,Crustáceos,Lactosuero,Leche,Animales,Pescado,Leche,Carne,,,,,,,,,,
2010,12,Despojos,Huevos,Carne,Animales,Otros,Filetes,Quesos,Leche,Lactosuero,Productos,Huevos,Pescado,Animales,Pescado,Carne,Suero,Moluscos,Gallos,Leche,Tripas,Carne,Pescado,Crustáceos,Mantequilla,,,,,
2011,1,Pescado,Lactosuero,Animales,Otros,Carne,Leche,Suero,Crustáceos,Productos,Pescado,Gallos,Tocino,Animales,Pescado,Filetes,Leche,Mantequilla,Miel,Huevos,Huevos,Carne,Quesos,,,,,,,
2011,2,Lactosuero,Pescado,Quesos,Leche,Gallos,Leche,Crustáceos,Productos,Otros,Suero,Huevos,Mantequilla,Filetes,Pescado,Peces,Carne,Pescado,Productos,,,,,,,,,,,
2011,3,Huevos,Mantequilla,Tripas,Huevos,Gallos,Pescado,Leche,Carne,Suero,Leche,Carne,Otros,Quesos,Lactosuero,Filetes,Pescado,Productos,Animales,Miel,Crustáceos,,,,,,,,,
2011,4,Mantequilla,Leche,Huevos,Lactosuero,Crustáceos,Quesos,Tripas,Miel,Pescado,Moluscos,Filetes,Pescado,Gallos,Carne,Suero,Productos,Otros,Huevos,Pescado,Carne,Leche,,,,,,,,
2011,5,Leche,Quesos,Filetes,Moluscos,Carne,Suero,Huevos,Pescado,Carne,Productos,Carne,Leche,Huevos,Gallos,Mantequilla,Crustáceos,Tocino,Pescado,Pescado,Miel,Tripas,Lactosuero,,,,,,,
2011,6,Otros,Mantequilla,Despojos,Lactosuero,Pescado,Tocino,Pescado,Gallos,Filetes,Tripas,Huevos,Pescado,Miel,Quesos,Carne,Animales,Leche,Leche,Suero,Productos,,,,,,,,,
2011,7,Tocino,Leche,Miel,Carne,Pescado,Leche,Huevos,Suero,Otros,Lactosuero,Filetes,Huevos,Mantequilla,Quesos,Carne,Gallos,Productos,,,,,,,,,,,,
2011,8,Productos,Crustáceos,Quesos,Peces,Pescado,Otros,Huevos,Pieles,Suero,Pescado,Mantequilla,Gallos,Tocino,Tripas,Miel,Carne,Lactosuero,Pescado,Carne,Huevos,Productos,Leche,Leche,,,,,,
2011,9,Suero,Otros,Pescado,Miel,Huevos,Tocino,Tripas,Pescado,Mantequilla,Leche,Animales,Productos,Animales,Gallos,Huevos,Quesos,Leche,Lactosuero,Moluscos,,,,,,,,,,
2011,10,Carne,Pescado,Animales,Pescado,Huevos,Miel,Productos,Suero,Gallos,Otros,Tripas,Lactosuero,Mantequilla,Quesos,Crustáceos,Leche,Filetes,Carne,Huevos,Leche,Pescado,,,,,,,,
2011,11,Pescado,Las,Moluscos,Pescado,Leche,Carne,Lactosuero,Otros,Leche,Tripas,Miel,Crustáceos,Gallos,Filetes,Mantequilla,Animales,Productos,Huevos,Tocino,Suero,Pescado,Carne,Huevos,Quesos,,,,,
2011,12,Gallos,Mantequilla,Moluscos,Leche,Huevos,Lactosuero,Animales,Caballos,Miel,Carne,Tocino,Otros,Pescado,Filetes,Leche,Crustáceos,Peces,Pescado,Carne,Quesos,Huevos,Productos,Suero,,,,,,
2012,1,Otros,Tripas,Lactosuero,Pescado,Suero,Miel,Leche,Animales,Carne,Quesos,Leche,Productos,Mantequilla,Carne,Gallos,Tocino,Carne,Crustáceos,Huevos,Moluscos,,,,,,,,,
2012,2,Suero,Miel,Moluscos,Leche,Caballos,Carne,Quesos,Pescado,Huevos,Animales,Pescado,Gallos,Pescado,Animales,Leche,Mantequilla,Otros,Lactosuero,Filetes,Productos,,,,,,,,,
2012,3,Quesos,Pescado,Animales,Pescado,Huevos,Carne,Carne,Tripas,Tocino,Leche,Moluscos,Peces,Huevos,Productos,Crustáceos,Otros,Suero,Lactosuero,Mantequilla,Filetes,Leche,Carne,Pescado,Gallos,,,,,
2012,4,Lactosuero,Carne,Moluscos,Suero,Quesos,Animales,Filetes,Otros,Pescado,Tocino,Pescado,Gallos,Productos,Crustáceos,Huevos,Carne,Leche,Miel,Carne,Leche,Mantequilla,Huevos,Pescado,,,,,,
2012,5,Filetes,Tripas,Carne,Pescado,Huevos,Carne,Animales,Quesos,Huevos,Gallos,Productos,Leche,Crustáceos,Tocino,Lactosuero,Leche,Mantequilla,Miel,Suero,Pescado,Moluscos,Carne,Carne,Pescado,Productos,,,,
2012,6,Pescado,Otros,Filetes,Carne,Animales,Huevos,Pescado,Productos,Crustáceos,Gallos,Moluscos,Huevos,Mantequilla,Suero,Miel,Leche,Quesos,Leche,Lactosuero,,,,,,,,,,
2012,7,Huevos,Productos,Huevos,Filetes,Carne,Mantequilla,Las,Carne,Suero,Pescado,Miel,Tocino,Otros,Moluscos,Quesos,Crustáceos,Carne,Animales,Lactosuero,Animales,Leche,Pescado,Leche,Gallos,Pescado,,,,
2012,8,Pescado,Carne,Mantequilla,Huevos,Lactosuero,Filetes,Leche,Tripas,Suero,Pescado,Quesos,Otros,Pescado,Moluscos,Leche,Gallos,Animales,Crustáceos,Huevos,Productos,Carne,Miel,,,,,,,
2012,9,Productos,Tripas,Huevos,Productos,Carne,Huevos,Pescado,Quesos,Tocino,Otros,Pescado,Lactosuero,Leche,Leche,Mantequilla,Moluscos,Carne,Filetes,Despojos,Gallos,Pescado,Miel,Suero,,,,,,
2012,10,Animales,Leche,Huevos,Quesos,Pescado,Pescado,Carne,Miel,Gallos,Leche,Filetes,Productos,Mantequilla,Moluscos,Suero,Crustáceos,Lactosuero,Huevos,Carne,,,,,,,,,,
2012,11,Leche,Pescado,Peces,Animales,Miel,Pescado,Lactosuero,Moluscos,Suero,Crustáceos,Filetes,Productos,Tripas,Huevos,Mantequilla,Gallos,Caballos,Quesos,Huevos,Carne,Productos,Leche,,,,,,,
2012,12,Moluscos,Miel,Animales,Huevos,Leche,Quesos,Crustáceos,Carne,Filetes,Pescado,Suero,Carne,Pescado,Gallos,Peces,Mantequilla,Productos,Leche,Pescado,,,,,,,,,,
2013,1,Miel,Mantequilla,Animales,Moluscos,Huevos,Leche,Crustáceos,Carne,Pescado,Filetes,Carne,Productos,Leche,Quesos,Gallos,Animales,Otros,Lactosuero,Tocino,Huevos,Suero,,,,,,,,
2013,2,Huevos,Suero,Mantequilla,Lactosuero,Pescado,Animales,Filetes,Productos,Otros,Gallos,Leche,Productos,Pescado,Quesos,Crustáceos,Carne,Carne,Leche,Caballos,Huevos,Miel,Moluscos,Tripas,,,,,,
2013,3,Huevos,Pescado,Carne,Leche,Animales,Pescado,Invertebrados,Crustáceos,Filetes,Moluscos,Productos,Otros,Quesos,Miel,Caballos,Pescado,Leche,Mantequilla,Suero,Gallos,Lactosuero,Tripas,Huevos,,,,,,
2013,4,Tocino,Huevos,Tripas,Suero,Quesos,Leche,Moluscos,Animales,Leche,Carne,Crustáceos,Huevos,Mantequilla,Productos,Pescado,Carne,Miel,Pescado,Filetes,Productos,Lactosuero,Animales,Gallos,,,,,,
2013,5,Filetes,Otros,Suero,Mantequilla,Carne,Huevos,Carne,Quesos,Carne,Animales,Pescado,Huevos,Gallos,Miel,Lactosuero,Leche,Pescado,Crustáceos,Moluscos,Productos,Leche,Despojos,,,,,,,
2013,6,Moluscos,Gallos,Leche,Filetes,Pescado,Pescado,Carne,Carne,Leche,Otros,Crustáceos,Suero,Quesos,Productos,Caballos,Huevos,Lactosuero,Huevos,Animales,Mantequilla,Tripas,Miel,,,,,,,
2013,7,Leche,Mantequilla,Quesos,Tocino,Pescado,Animales,Carne,Huevos,Filetes,Carne,Lactosuero,Productos,Gallos,Leche,Las,Pescado,Carne,Crustáceos,Suero,Huevos,Otros,Moluscos,,,,,,,
2013,8,Huevos,Moluscos,Leche,Tripas,Leche,Crustáceos,Pescado,Huevos,Filetes,Carne,Quesos,Mantequilla,Despojos,Productos,Productos,Suero,Otros,Lactosuero,Gallos,Miel,,,,,,,,,
2013,9,Mantequilla,Pescado,Animales,Productos,Huevos,Leche,Suero,Gallos,Moluscos,Peces,Productos,Miel,Quesos,Tripas,Pescado,Carne,Otros,Lactosuero,Huevos,Filetes,Leche,Crustáceos,,,,,,,
2013,10,Carne,Peces,Crustáceos,Pescado,Quesos,Pescado,Leche,Leche,Carne,Gallos,Productos,Productos,Huevos,Mantequilla,Suero,Caballos,Filetes,Miel,Moluscos,Otros,,,,,,,,,
2013,11,Mantequilla,Leche,Crustáceos,Carne,Tripas,Filetes,Tocino,Lactosuero,Carne,Suero,Huevos,Miel,Otros,Despojos,Huevos,Pescado,Quesos,Pescado,Gallos,Leche,,,,,,,,,
2013,12,Animales,Quesos,Leche,Pescado,Suero,Caballos,Leche,Gallos,Huevos,Otros,Carne,Peces,Miel,Crustáceos,Moluscos,Productos,Pescado,Filetes,Huevos,Lactosuero,Carne,Mantequilla,,,,,,,
2015,1,Moluscos,Crustáceos,Filetes,Suero,Carne,Mantequilla,Miel,Pescado,Otros,Caballos,Leche,Quesos,Tocino,Tripas,Leche,Gallos,Peces,Carne,Pescado,Despojos,Huevos,Pescado,Lactosuero,,,,,,
2015,2,Tocino,Productos,Pescado,Leche,Mantequilla,Productos,Huevos,Filetes,Carne,Peces,Leche,Gallos,Carne,Miel,Moluscos,Otros,Suero,Crustáceos,Quesos,Lactosuero,Pescado,Animales,,,,,,,
2015,3,Caballos,Pescado,Leche,Mantequilla,Otros,Filetes,Carne,Leche,Quesos,Huevos,Miel,Carne,Moluscos,Tocino,Lactosuero,Productos,Tripas,Gallos,Pescado,Suero,Crustáceos,Carne,,,,,,,
2015,4,Mantequilla,Tocino,Huevos,Peces,Caballos,Pescado,Quesos,Animales,Gallos,Leche,Leche,Carne,Productos,Crustáceos,Filetes,Otros,Huevos,Suero,Lactosuero,,,,,,,,,,
2015,5,Crustáceos,Mantequilla,Moluscos,Leche,Leche,Suero,Huevos,Productos,Filetes,Pescado,Productos,Carne,Carne,Huevos,Gallos,Lactosuero,Quesos,Peces,Otros,Pescado,Carne,,,,,,,,
2015,6,Huevos,Carne,Leche,Mantequilla,Productos,Suero,Quesos,Miel,Carne,Huevos,Gallos,Peces,Filetes,Tripas,Moluscos,Crustáceos,Productos,Leche,Otros,Pescado,Tocino,Pescado,Lactosuero,,,,,,
2015,7,Lactosuero,Leche,Quesos,Otros,Suero,Productos,Mantequilla,Moluscos,Filetes,Carne,Despojos,Leche,Pescado,Huevos,Gallos,Carne,Crustáceos,Pescado,Carne,,,,,,,,,,
2015,8,Lactosuero,Pescado,Miel,Suero,Gallos,Otros,Productos,Leche,Mantequilla,Carne,Quesos,Leche,Filetes,Productos,Tripas,Huevos,Carne,Pescado,Carne,Moluscos,Crustáceos,Tocino,Pescado,,,,,,
2015,9,Gallos,Leche,Moluscos,Leche,Caballos,Pescado,Huevos,Lactosuero,Quesos,Suero,Miel,Otros,Mantequilla,Huevos,Pescado,Crustáceos,Carne,Filetes,Peces,,,,,,,,,,
2015,10,Moluscos,Carne,Pescado,Productos,Filetes,Huevos,Quesos,Leche,Carne,Otros,Pescado,Lactosuero,Pieles,Suero,Leche,Crustáceos,Mantequilla,Huevos,Gallos,,,,,,,,,,
2015,11,Quesos,Gallos,Huevos,Otros,Crustáceos,Leche,Suero,Filetes,Moluscos,Productos,Leche,Carne,Pescado,Tripas,Carne,Pescado,Carne,Lactosuero,Miel,Pescado,Mantequilla,,,,,,,,
2015,12,Productos,Peces,Huevos,Tocino,Pescado,Lactosuero,Filetes,Gallos,Leche,Pescado,Carne,Quesos,Pieles,Pescado,Carne,Moluscos,Crustáceos,Carne,Suero,Otros,Despojos,Mantequilla,Huevos,Leche,Carne,Animales,,,
2016,1,Mantequilla,Suero,Gallos,Pescado,Animales,Leche,Miel,Despojos,Carne,Pescado,Huevos,Moluscos,Tocino,Leche,Filetes,Productos,Lactosuero,Quesos,Animales,Crustáceos,Otros,,,,,,,,
2016,2,Carne,Filetes,Lactosuero,Carne,Productos,Ambar,Tocino,Moluscos,Carne,Quesos,Suero,Pescado,Carne,Mantequilla,Crustáceos,Huevos,Otros,Leche,Miel,Gallos,Peces,Pescado,Huevos,Animales,Leche,,,,
2016,3,Crustáceos,Leche,Productos,Otros,Moluscos,Tocino,Pescado,Pescado,Peces,Miel,Tripas,Gallos,Huevos,Carne,Animales,Huevos,Lactosuero,Filetes,Mantequilla,Quesos,Leche,Carne,Suero,Carne,,,,,
2016,4,Mantequilla,Quesos,Moluscos,Huevos,Huevos,Filetes,Leche,Carne,Miel,Crustáceos,Animales,Pescado,Carne,Lactosuero,Suero,Gallos,Carne,Productos,Animales,Caballos,Leche,Otros,Pescado,Carne,,,,,
2016,5,Huevos,Peces,Leche,Crustáceos,Quesos,Filetes,Carne,Suero,Tripas,Animales,Lactosuero,Moluscos,Mantequilla,Leche,Productos,Gallos,Animales,Carne,Pescado,Carne,Pescado,Tocino,,,,,,,
2016,6,Huevos,Carne,Pescado,Otros,Carne,Productos,Suero,Filetes,Quesos,Pescado,Moluscos,Huevos,Miel,Leche,Carne,Crustáceos,Mantequilla,Gallos,Tocino,Despojos,Lactosuero,Leche,,,,,,,
2016,7,Carne,Otros,Productos,Tocino,Lactosuero,Suero,Leche,Gallos,Filetes,Mantequilla,Leche,Carne,Productos,Miel,Huevos,Pescado,Tripas,Crustáceos,Moluscos,Quesos,,,,,,,,,
2016,8,Gallos,Carne,Lactosuero,Mantequilla,Leche,Quesos,Filetes,Crustáceos,Moluscos,Carne,Otros,Carne,Huevos,Tocino,Huevos,Productos,Pescado,Leche,Suero,Caballos,Peces,Miel,,,,,,,
2016,9,Productos,Otros,Quesos,Carne,Pescado,Filetes,Tripas,Moluscos,Peces,Crustáceos,Suero,Mantequilla,Tocino,Animales,Pescado,Huevos,Carne,Gallos,Leche,Leche,Miel,Carne,Lactosuero,Huevos,,,,,
2016,10,Gallos,Pescado,Carne,Suero,Leche,Carne,Tocino,Carne,Otros,Caballos,Pescado,Despojos,Moluscos,Peces,Filetes,Productos,Crustáceos,Animales,Carne,Lactosuero,Mantequilla,Leche,Quesos,Huevos,Miel,,,,
2016,11,Gallos,Quesos,Carne,Peces,Despojos,Pescado,Leche,Animales,Huevos,Carne,Lactosuero,Suero,Huevos,Crustáceos,Productos,Mantequilla,Leche,Tocino,Miel,Moluscos,Carne,Filetes,Otros,Caballos,,,,,
2016,12,Miel,Carne,Huevos,Otros,Filetes,Mantequilla,Pescado,Lactosuero,Carne,Suero,Carne,Crustáceos,Leche,Leche,Productos,Quesos,Moluscos,Pescado,Gallos,,,,,,,,,,
2017,1,Lactosuero,Carne,Carne,Tripas,Carne,Huevos,Miel,Moluscos,Suero,Pescado,Despojos,Crustáceos,Quesos,Filetes,Tocino,Animales,Pescado,Productos,Otros,Mantequilla,Gallos,Leche,Leche,,,,,,
2017,2,Productos,Leche,Tocino,Despojos,Carne,Moluscos,Leche,Miel,Animales,Mantequilla,Suero,Crustáceos,Pescado,Lactosuero,Otros,Filetes,Carne,Huevos,Quesos,Gallos,,,,,,,,,
2017,3,Caballos,Leche,Moluscos,Huevos,Pescado,Lactosuero,Productos,Filetes,Carne,Animales,Gallos,Suero,Crustáceos,Otros,Huevos,Mantequilla,Leche,Quesos,Miel,Carne,,,,,,,,,
2017,4,Productos,Carne,Otros,Leche,Huevos,Filetes,Lactosuero,Gallos,Tocino,Mantequilla,Quesos,Moluscos,Suero,Leche,Pescado,Huevos,Carne,Pescado,Caballos,Crustáceos,,,,,,,,,
2017,5,Productos,Peces,Leche,Huevos,Leche,Suero,Animales,Tocino,Productos,Pescado,Filetes,Miel,Otros,Carne,Lactosuero,Gallos,Moluscos,Quesos,Mantequilla,Carne,Crustáceos,,,,,,,,
2017,6,Tocino,Carne,Filetes,Huevos,Leche,Quesos,Animales,Otros,Suero,Lactosuero,Pescado,Moluscos,Miel,Leche,Carne,Carne,Despojos,Carne,Tripas,Mantequilla,Crustáceos,Productos,Gallos,,,,,,
2017,7,Peces,Carne,Huevos,Leche,Carne,Carne,Otros,Tocino,Suero,Lactosuero,Productos,Pescado,Carne,Mantequilla,Filetes,Gallos,Miel,Quesos,Tripas,Leche,Moluscos,Crustáceos,,,,,,,
2017,8,Carne,Crustáceos,Lactosuero,Otros,Mantequilla,Miel,Productos,Productos,Huevos,Moluscos,Suero,Pescado,Leche,Carne,Quesos,Animales,Huevos,Leche,Filetes,Gallos,,,,,,,,,
2017,9,Huevos,Filetes,Productos,Pescado,Suero,Peces,Lactosuero,Crustáceos,Despojos,Leche,Quesos,Leche,Carne,Huevos,Mantequilla,Pescado,Otros,Moluscos,Gallos,Animales,,,,,,,,,
2017,10,Suero,Filetes,Mantequilla,Carne,Otros,Quesos,Gallos,Leche,Leche,Miel,Carne,Pescado,Animales,Crustáceos,Huevos,Lactosuero,Pescado,Moluscos,Productos,Productos,,,,,,,,,
2017,11,Quesos,Animales,Filetes,Leche,Gallos,Suero,Animales,Productos,Lactosuero,Carne,Otros,Leche,Huevos,Crustáceos,Carne,Moluscos,Pescado,Mantequilla,,,,,,,,,,,
2017,12,Leche,Filetes,Productos,Huevos,Gallos,Leche,Lactosuero,Carne,Quesos,Suero,Animales,Otros,Crustáceos,Miel,Mantequilla,Pescado,Carne,Moluscos,Animales,,,,,,,,,,
2018,1,Suero,Moluscos,Carne,Tripas,Leche,Mantequilla,Productos,Otros,Quesos,Lactosuero,Pescado,Huevos,Pescado,Gallos,Filetes,Leche,Crustáceos,,,,,,,,,,,,
2018,2,Quesos,Gallos,Productos,Productos,Pescado,Pescado,Lactosuero,Suero,Peces,Filetes,Crustáceos,Miel,Mantequilla,Huevos,Moluscos,Leche,Otros,Leche,,,,,,,,,,,
2018,3,Pescado,Lactosuero,Carne,Huevos,Suero,Crustáceos,Leche,Gallos,Mantequilla,Leche,Pescado,Filetes,Quesos,Moluscos,Productos,Otros,,,,,,,,,,,,,
2018,4,Leche,Lactosuero,Filetes,Gallos,Animales,Carne,Pescado,Suero,Moluscos,Mantequilla,Crustáceos,Quesos,Peces,Otros,Huevos,Leche,,,,,,,,,,,,,
2018,5,Tocino,Pescado,Quesos,Carne,Leche,Leche,Lactosuero,Mantequilla,Suero,Pescado,Tripas,Moluscos,Otros,Caballos,Productos,Gallos,Pescado,Carne,Crustáceos,Huevos,Miel,Filetes,,,,,,,
2018,6,Suero,Productos,Leche,Lactosuero,Animales,Animales,Pescado,Huevos,Mantequilla,Peces,Tocino,Quesos,Moluscos,Crustáceos,Gallos,Miel,Filetes,Pescado,Leche,Tripas,Otros,,,,,,,,
2018,7,Leche,Suero,Moluscos,Carne,Pescado,Productos,Leche,Mantequilla,Lactosuero,Huevos,Crustáceos,Gallos,Otros,Quesos,Filetes,,,,,,,,,,,,,,
2018,8,Suero,Caballos,Otros,Productos,Mantequilla,Leche,Pescado,Tocino,Carne,Lactosuero,Leche,Gallos,Huevos,Moluscos,Crustáceos,Miel,Filetes,Quesos,,,,,,,,,,,
2018,9,Pescado,Crustáceos,Leche,Lactosuero,Suero,Filetes,Moluscos,Productos,Huevos,Otros,Animales,Mantequilla,Leche,Carne,Pescado,Carne,Pescado,Gallos,Quesos,Animales,,,,,,,,,
2018,10,Leche,Moluscos,Peces,Carne,Pescado,Crustáceos,Animales,Despojos,Suero,Huevos,Pescado,Mantequilla,Carne,Otros,Productos,Gallos,Quesos,Animales,Leche,Lactosuero,Filetes,Huevos,,,,,,,
2018,11,Productos,Huevos,Lactosuero,Filetes,Carne,Quesos,Carne,Mantequilla,Gallos,Pescado,Leche,Suero,Carne,Crustáceos,Leche,Tripas,Otros,Moluscos,,,,,,,,,,,
2018,12,Quesos,Leche,Animales,Suero,Productos,Miel,Carne,Carne,Lactosuero,Caballos,Carne,Huevos,Filetes,Crustáceos,Moluscos,Otros,Tocino,Peces,Pescado,Gallos,Mantequilla,Pescado,Leche,Animales,Despojos,,,,
2019,1,Carne,Gallos,Productos,Suero,Otros,Lactosuero,Huevos,Filetes,Pescado,Miel,Crustáceos,Leche,Pescado,Leche,Mantequilla,Moluscos,Carne,Quesos,Carne,,,,,,,,,,
2019,2,Pescado,Moluscos,Lactosuero,Leche,Quesos,Despojos,Mantequilla,Otros,Leche,Ambar,Filetes,Carne,Suero,Huevos,Crustáceos,Carne,Carne,Productos,Gallos,,,,,,,,,,
2019,3,Despojos,Tripas,Mantequilla,Carne,Crustáceos,Pescado,Suero,Leche,Lactosuero,Productos,Miel,Leche,Filetes,Quesos,Huevos,Moluscos,Gallos,Tocino,Carne,Animales,Peces,,,,,,,,
2019,4,Productos,Tocino,Tripas,Moluscos,Lactosuero,Carne,Miel,Pescado,Otros,Suero,Productos,Leche,Carne,Mantequilla,Leche,Crustáceos,Despojos,Quesos,Filetes,Gallos,Animales,Pescado,,,,,,,
2019,5,Leche,Quesos,Gallos,Leche,Caballos,Carne,Miel,Lactosuero,Despojos,Mantequilla,Productos,Moluscos,Huevos,Suero,Crustáceos,Animales,Carne,Carne,Otros,Pescado,Pescado,,,,,,,,
2019,6,Crustáceos,Quesos,Moluscos,Lactosuero,Gallos,Tocino,Productos,Filetes,Suero,Huevos,Otros,Pescado,Leche,Mantequilla,Leche,Carne,,,,,,,,,,,,,
2019,7,Leche,Huevos,Pescado,Tripas,Carne,Suero,Productos,Crustáceos,Gallos,Lactosuero,Moluscos,Carne,Peces,Pescado,Filetes,Quesos,Productos,Carne,Mantequilla,Otros,Leche,,,,,,,,
2019,8,Pescado,Crustáceos,Leche,Suero,Huevos,Quesos,Leche,Filetes,Gallos,Carne,Productos,Miel,Moluscos,Animales,Pescado,Animales,Despojos,Mantequilla,Lactosuero,Carne,Carne,Otros,,,,,,,
2019,9,Moluscos,Quesos,Pescado,Carne,Huevos,Huevos,Suero,Mantequilla,Leche,Despojos,Productos,Lactosuero,Animales,Filetes,Crustáceos,Leche,Peces,Tocino,Gallos,Otros,Carne,Carne,,,,,,,
2019,10,Carne,Lactosuero,Carne,Pescado,Suero,Carne,Moluscos,Animales,Leche,Filetes,Huevos,Mantequilla,Despojos,Otros,Quesos,Leche,Crustáceos,Gallos,Productos,,,,,,,,,,
2019,11,Crustáceos,Carne,Gallos,Filetes,Animales,Miel,Huevos,Despojos,Productos,Otros,Carne,Leche,Lactosuero,Suero,Leche,Carne,Pescado,Moluscos,Quesos,,,,,,,,,,
2019,12,Quesos,Leche,Otros,Moluscos,Animales,Tripas,Pescado,Filetes,Carne,Mantequilla,Carne,Gallos,Crustáceos,Leche,Suero,Despojos,Peces,Animales,Lactosuero,Pescado,Productos,Huevos,,,,,,,
2020,1,Gallos,Huevos,Suero,Leche,Otros,Pescado,Productos,Carne,Moluscos,Despojos,Crustáceos,Lactosuero,Quesos,Leche,Miel,Mantequilla,Carne,Filetes,Huevos,,,,,,,,,,
2020,2,Mantequilla,Productos,Quesos,Leche,Lactosuero,Suero,Filetes,Animales,Gallos,Peces,Huevos,Leche,Crustáceos,Carne,Pescado,Otros,Huevos,Moluscos,Carne,,,,,,,,,,
2020,3,Moluscos,Quesos,Pescado,Leche,Leche,Productos,Carne,Filetes,Pescado,Carne,Huevos,Gallos,Lactosuero,Mantequilla,Otros,Crustáceos,Suero,Tripas,,,,,,,,,,,
2020,4,Miel,Carne,Productos,Leche,Huevos,Filetes,Mantequilla,Moluscos,Suero,Leche,Pescado,Gallos,Quesos,Carne,Despojos,Crustáceos,Lactosuero,,,,,,,,,,,,
2020,5,Pescado,Lactosuero,Huevos,Carne,Gallos,Moluscos,Carne,Mantequilla,Leche,Quesos,Suero,Leche,Huevos,Despojos,Tripas,Pescado,,,,,,,,,,,,,
2020,6,Leche,Despojos,Carne,Productos,Leche,Tripas,Huevos,Lactosuero,Gallos,Carne,Quesos,Suero,Carne,Miel,Pescado,Mantequilla,Carne,Productos,,,,,,,,,,,
2020,7,Moluscos,Mantequilla,Filetes,Gallos,Leche,Leche,Huevos,Quesos,Carne,Lactosuero,Huevos,Crustáceos,Carne,Productos,Productos,Pescado,Suero,Despojos,,,,,,,,,,,
2020,8,Crustáceos,Suero,Carne,Lactosuero,Pescado,Productos,Quesos,Filetes,Leche,Carne,Animales,Huevos,Mantequilla,Despojos,Carne,Huevos,Leche,Moluscos,Miel,Gallos,,,,,,,,,
2020,9,Leche,Miel,Gallos,Carne,Huevos,Animales,Crustáceos,Otros,Carne,Leche,Quesos,Suero,Lactosuero,Mantequilla,Moluscos,Filetes,Productos,Pescado,Animales,Huevos,,,,,,,,,
2020,10,Carne,Filetes,Productos,Carne,Miel,Otros,Mantequilla,Productos,Quesos,Moluscos,Leche,Leche,Huevos,Animales,Carne,Lactosuero,Suero,Crustáceos,Huevos,Pescado,Tripas,Gallos,,,,,,,
2020,11,Mantequilla,Crustáceos,Carne,Moluscos,Filetes,Lactosuero,Quesos,Carne,Animales,Productos,Leche,Despojos,Leche,Productos,Huevos,Pescado,Suero,Otros,Pescado,Gallos,Miel,Animales,,,,,,,
2020,12,Tripas,Quesos,Crustáceos,Filetes,Carne,Gallos,Animales,Productos,Carne,Lactosuero,Leche,Leche,Pescado,Moluscos,Mantequilla,Miel,Otros,Despojos,Carne,Huevos,Peces,Huevos,Animales,Suero,,,,,
2021,1,Carne,Quesos,Leche,Suero,Productos,Miel,Crustáceos,Leche,Lactosuero,Pescado,Productos,Otros,Mantequilla,Gallos,Despojos,Moluscos,Carne,Peces,,,,,,,,,,,
