gestion|mes|producto
1992|1|Animales
1992|1|Gallos
1992|1|Lactosuero
1992|1|Carne
1992|1|Mantequilla
1992|1|Huevos
1992|1|Productos
1992|1|Leche
1992|1|Tocino
1992|1|Pieles
1992|1|Otros
1992|1|Suero
1992|1|Quesos
1992|1|Despojos
1992|2|Moluscos
1992|2|Leche
1992|2|Suero
1992|2|Carne
1992|2|Pescado
1992|2|Quesos
1992|2|Productos
1992|2|Huevos
1992|2|Tocino
1992|2|Gallos
1992|2|Otros
1992|2|Filetes
1992|3|Animales
1992|3|Otros
1992|3|Despojos
1992|3|Mantequilla
1992|3|Productos
1992|3|Gallos
1992|3|Quesos
1992|3|Lactosuero
1992|3|Carne
1992|3|Miel
1992|3|Suero
1992|3|Leche
1992|3|Pescado
1992|3|Huevos
1992|4|Carne
1992|4|Gallos
1992|4|Mantequilla
1992|4|Crustáceos
1992|4|Suero
1992|4|Pieles
1992|4|Leche
1992|4|Pescado
1992|4|Miel
1992|4|Caballos
1992|4|Quesos
1992|4|Productos
1992|4|Despojos
1992|4|Huevos
1992|5|Caballos
1992|5|Carne
1992|5|Leche
1992|5|Suero
1992|5|Huevos
1992|5|Filetes
1992|5|Mantequilla
1992|5|Gallos
1992|5|Miel
1992|5|Productos
1992|5|Animales
1992|5|Otros
1992|5|Quesos
1992|5|Crustáceos
1992|6|Mantequilla
1992|6|Carne
1992|6|Crustáceos
1992|6|Suero
1992|6|Miel
1992|6|Filetes
1992|6|Despojos
1992|6|Tripas
1992|6|Otros
1992|6|Huevos
1992|6|Pescado
1992|6|Leche
1992|6|Gallos
1992|6|Tocino
1992|6|Quesos
1992|6|Peces
1992|7|Gallos
1992|7|Carne
1992|7|Huevos
1992|7|Suero
1992|7|Leche
1992|7|Mantequilla
1992|7|Productos
1992|7|Pescado
1992|7|Otros
1992|7|Tripas
1992|7|Quesos
1992|7|Crustáceos
1992|8|Despojos
1992|8|Peces
1992|8|Quesos
1992|8|Mantequilla
1992|8|Gallos
1992|8|Carne
1992|8|Pescado
1992|8|Crustáceos
1992|8|Leche
1992|8|Suero
1992|8|Otros
1992|8|Productos
1992|8|Filetes
1992|9|Leche
1992|9|Gallos
1992|9|Animales
1992|9|Mantequilla
1992|9|Carne
1992|9|Crustáceos
1992|9|Pescado
1992|9|Quesos
1992|9|Filetes
1992|9|Productos
1992|9|Caballos
1992|9|Suero
1992|9|Huevos
1992|10|Suero
1992|10|Huevos
1992|10|Crustáceos
1992|10|Pescado
1992|10|Productos
1992|10|Pieles
1992|10|Leche
1992|10|Carne
1992|10|Animales
1992|10|Quesos
1992|10|Gallos
1992|10|Otros
1992|10|Despojos
1992|10|Filetes
1992|11|Carne
1992|11|Filetes
1992|11|Despojos
1992|11|Crustáceos
1992|11|Pescado
1992|11|Quesos
1992|11|Miel
1992|11|Caballos
1992|11|Huevos
1992|11|Mantequilla
1992|11|Gallos
1992|11|Productos
1992|11|Suero
1992|11|Otros
1992|11|Leche
1992|12|Pescado
1992|12|Mantequilla
1992|12|Animales
1992|12|Quesos
1992|12|Carne
1992|12|Moluscos
1992|12|Tripas
1992|12|Suero
1992|12|Despojos
1992|12|Huevos
1992|12|Filetes
1992|12|Miel
1992|12|Productos
1992|12|Gallos
1992|12|Crustáceos
1992|12|Leche
1993|1|Carne
1993|1|Otros
1993|1|Suero
1993|1|Despojos
1993|1|Leche
1993|1|Mantequilla
1993|1|Productos
1993|1|Crustáceos
1993|1|Gallos
1993|1|Quesos
1993|1|Animales
1993|1|Huesos
1993|1|Huevos
1993|2|Quesos
1993|2|Filetes
1993|2|Gallos
1993|2|Suero
1993|2|Huevos
1993|2|Carne
1993|2|Animales
1993|2|Leche
1993|2|Tocino
1993|2|Crustáceos
1993|3|Caballos
1993|3|Moluscos
1993|3|Pieles
1993|3|Pescado
1993|3|Filetes
1993|3|Productos
1993|3|Quesos
1993|3|Crustáceos
1993|3|Huevos
1993|3|Despojos
1993|3|Leche
1993|3|Carne
1993|3|Otros
1993|3|Suero
1993|3|Animales
1993|3|Gallos
1993|4|Carne
1993|4|Animales
1993|4|Quesos
1993|4|Caballos
1993|4|Filetes
1993|4|Moluscos
1993|4|Despojos
1993|4|Productos
1993|4|Gallos
1993|4|Suero
1993|4|Crustáceos
1993|4|Mantequilla
1993|4|Leche
1993|4|Pescado
1993|4|Huevos
1993|5|Tripas
1993|5|Suero
1993|5|Crustáceos
1993|5|Gallos
1993|5|Pieles
1993|5|Productos
1993|5|Huevos
1993|5|Leche
1993|5|Pescado
1993|5|Filetes
1993|5|Carne
1993|5|Animales
1993|5|Moluscos
1993|5|Mantequilla
1993|5|Quesos
1993|5|Caballos
1993|6|Gallos
1993|6|Tocino
1993|6|Moluscos
1993|6|Carne
1993|6|Crustáceos
1993|6|Animales
1993|6|Pescado
1993|6|Mantequilla
1993|6|Leche
1993|6|Suero
1993|6|Otros
1993|6|Productos
1993|6|Quesos
1993|6|Caballos
1993|6|Filetes
1993|6|Miel
1993|6|Huevos
1993|7|Pieles
1993|7|Crustáceos
1993|7|Pescado
1993|7|Gallos
1993|7|Leche
1993|7|Productos
1993|7|Moluscos
1993|7|Mantequilla
1993|7|Caballos
1993|7|Suero
1993|7|Animales
1993|7|Filetes
1993|7|Quesos
1993|7|Peces
1993|7|Huevos
1993|7|Carne
1993|8|Pieles
1993|8|Leche
1993|8|Crustáceos
1993|8|Filetes
1993|8|Quesos
1993|8|Caballos
1993|8|Suero
1993|8|Animales
1993|8|Huesos
1993|8|Huevos
1993|8|Mantequilla
1993|8|Carne
1993|8|Gallos
1993|9|Huevos
1993|9|Cabello
1993|9|Miel
1993|9|Caballos
1993|9|Moluscos
1993|9|Animales
1993|9|Suero
1993|9|Mantequilla
1993|9|Leche
1993|9|Carne
1993|9|Pescado
1993|9|Crustáceos
1993|9|Despojos
1993|9|Quesos
1993|9|Productos
1993|9|Peces
1993|9|Filetes
1993|9|Gallos
1993|9|Tocino
1993|10|Pescado
1993|10|Productos
1993|10|Peces
1993|10|Filetes
1993|10|Moluscos
1993|10|Quesos
1993|10|Gallos
1993|10|Carne
1993|10|Leche
1993|10|Animales
1993|10|Mantequilla
1993|10|Caballos
1993|10|Huevos
1993|10|Miel
1993|10|Crustáceos
1993|10|Suero
1993|11|Quesos
1993|11|Suero
1993|11|Carne
1993|11|Miel
1993|11|Moluscos
1993|11|Leche
1993|11|Huevos
1993|11|Pieles
1993|11|Mantequilla
1993|11|Animales
1993|11|Productos
1993|11|Tocino
1993|11|Gallos
1993|11|Crustáceos
1993|11|Otros
1993|11|Filetes
1993|11|Pescado
1993|12|Carne
1993|12|Peces
1993|12|Tripas
1993|12|Leche
1993|12|Otros
1993|12|Miel
1993|12|Quesos
1993|12|Animales
1993|12|Productos
1993|12|Caballos
1993|12|Gallos
1993|12|Huevos
1993|12|Despojos
1993|12|Filetes
1993|12|Mantequilla
1993|12|Crustáceos
1993|12|Suero
1993|12|Pescado
1994|1|Filetes
1994|1|Pescado
1994|1|Leche
1994|1|Animales
1994|1|Peces
1994|1|Despojos
1994|1|Productos
1994|1|Gallos
1994|1|Huevos
1994|1|Miel
1994|1|Quesos
1994|1|Carne
1994|1|Crustáceos
1994|1|Suero
1994|1|Mantequilla
1994|1|Otros
1994|2|Animales
1994|2|Crustáceos
1994|2|Pescado
1994|2|Tocino
1994|2|Mantequilla
1994|2|Carne
1994|2|Huevos
1994|2|Productos
1994|2|Quesos
1994|2|Gallos
1994|2|Filetes
1994|2|Moluscos
1994|2|Suero
1994|2|Leche
1994|2|Caballos
1994|3|Carne
1994|3|Caballos
1994|3|Despojos
1994|3|Pieles
1994|3|Pescado
1994|3|Miel
1994|3|Peces
1994|3|Gallos
1994|3|Productos
1994|3|Leche
1994|3|Crustáceos
1994|3|Otros
1994|3|Huevos
1994|3|Animales
1994|3|Filetes
1994|3|Mantequilla
1994|3|Quesos
1994|3|Suero
1994|3|Moluscos
1994|4|Quesos
1994|4|Filetes
1994|4|Productos
1994|4|Pescado
1994|4|Carne
1994|4|Suero
1994|4|Crustáceos
1994|4|Animales
1994|4|Peces
1994|4|Leche
1994|4|Gallos
1994|4|Pieles
1994|4|Huevos
1994|5|Filetes
1994|5|Miel
1994|5|Quesos
1994|5|Caballos
1994|5|Otros
1994|5|Pescado
1994|5|Huevos
1994|5|Gallos
1994|5|Leche
1994|5|Carne
1994|5|Crustáceos
1994|5|Productos
1994|5|Peces
1994|5|Animales
1994|5|Suero
1994|5|Mantequilla
1994|6|Pescado
1994|6|Mantequilla
1994|6|Peces
1994|6|Huevos
1994|6|Otros
1994|6|Animales
1994|6|Gallos
1994|6|Filetes
1994|6|Leche
1994|6|Quesos
1994|6|Crustáceos
1994|6|Carne
1994|6|Suero
1994|7|Huevos
1994|7|Animales
1994|7|Leche
1994|7|Gallos
1994|7|Moluscos
1994|7|Filetes
1994|7|Miel
1994|7|Ambar
1994|7|Suero
1994|7|Despojos
1994|7|Mantequilla
1994|7|Otros
1994|7|Carne
1994|7|Crustáceos
1994|7|Quesos
1994|7|Pescado
1994|8|Moluscos
1994|8|Animales
1994|8|Filetes
1994|8|Huevos
1994|8|Quesos
1994|8|Suero
1994|8|Leche
1994|8|Otros
1994|8|Peces
1994|8|Pieles
1994|8|Mantequilla
1994|8|Carne
1994|8|Crustáceos
1994|8|Pescado
1994|8|Productos
1994|8|Gallos
1994|8|Lactosuero
1994|9|Carne
1994|9|Pieles
1994|9|Peces
1994|9|Leche
1994|9|Mantequilla
1994|9|Despojos
1994|9|Suero
1994|9|Quesos
1994|9|Gallos
1994|9|Moluscos
1994|9|Huevos
1994|9|Productos
1994|9|Crustáceos
1994|9|Pescado
1994|10|Productos
1994|10|Gallos
1994|10|Huevos
1994|10|Otros
1994|10|Moluscos
1994|10|Carne
1994|10|Leche
1994|10|Suero
1994|10|Animales
1994|10|Peces
1994|10|Filetes
1994|10|Mantequilla
1994|10|Pescado
1994|10|Las
1994|10|Tocino
1994|10|Quesos
1994|10|Crustáceos
1994|11|Tripas
1994|11|Animales
1994|11|Otros
1994|11|Suero
1994|11|Moluscos
1994|11|Pescado
1994|11|Carne
1994|11|Gallos
1994|11|Crustáceos
1994|11|Leche
1994|11|Mantequilla
1994|11|Quesos
1994|11|Filetes
1994|11|Peces
1994|11|Las
1994|11|Productos
1994|11|Huevos
1994|12|Crustáceos
1994|12|Mantequilla
1994|12|Huevos
1994|12|Carne
1994|12|Moluscos
1994|12|Miel
1994|12|Suero
1994|12|Filetes
1994|12|Gallos
1994|12|Peces
1994|12|Pescado
1994|12|Productos
1994|12|Quesos
1994|12|Leche
1995|1|Huevos
1995|1|Crustáceos
1995|1|Leche
1995|1|Suero
1995|1|Quesos
1995|1|Carne
1995|1|Otros
1995|1|Pescado
1995|1|Mantequilla
1995|1|Gallos
1995|1|Productos
1995|2|Mantequilla
1995|2|Huevos
1995|2|Gallos
1995|2|Productos
1995|2|Pescado
1995|2|Tripas
1995|2|Caballos
1995|2|Lactosuero
1995|2|Filetes
1995|2|Leche
1995|2|Despojos
1995|2|Carne
1995|2|Suero
1995|2|Quesos
1995|2|Crustáceos
1995|2|Moluscos
1995|3|Peces
1995|3|Crustáceos
1995|3|Mantequilla
1995|3|Carne
1995|3|Pescado
1995|3|Filetes
1995|3|Suero
1995|3|Pieles
1995|3|Lactosuero
1995|3|Productos
1995|3|Gallos
1995|3|Animales
1995|3|Leche
1995|3|Huevos
1995|3|Moluscos
1995|3|Quesos
1995|4|Moluscos
1995|4|Leche
1995|4|Mantequilla
1995|4|Filetes
1995|4|Animales
1995|4|Suero
1995|4|Huevos
1995|4|Despojos
1995|4|Gallos
1995|4|Productos
1995|4|Carne
1995|4|Peces
1995|4|Lactosuero
1995|4|Quesos
1995|4|Crustáceos
1995|4|Miel
1995|4|Pescado
1995|5|Carne
1995|5|Quesos
1995|5|Peces
1995|5|Mantequilla
1995|5|Filetes
1995|5|Miel
1995|5|Pescado
1995|5|Huevos
1995|5|Moluscos
1995|5|Suero
1995|5|Productos
1995|5|Crustáceos
1995|5|Tocino
1995|5|Animales
1995|5|Gallos
1995|5|Leche
1995|6|Mantequilla
1995|6|Quesos
1995|6|Carne
1995|6|Peces
1995|6|Filetes
1995|6|Productos
1995|6|Pescado
1995|6|Moluscos
1995|6|Suero
1995|6|Huevos
1995|6|Crustáceos
1995|6|Gallos
1995|6|Leche
1995|6|Miel
1995|6|Animales
1995|7|Coral
1995|7|Quesos
1995|7|Crustáceos
1995|7|Pieles
1995|7|Suero
1995|7|Animales
1995|7|Carne
1995|7|Pescado
1995|7|Gallos
1995|7|Moluscos
1995|7|Huevos
1995|7|Mantequilla
1995|7|Leche
1995|7|Peces
1995|7|Miel
1995|7|Filetes
1995|7|Productos
1995|8|Carne
1995|8|Gallos
1995|8|Moluscos
1995|8|Leche
1995|8|Suero
1995|8|Quesos
1995|8|Filetes
1995|8|Huevos
1995|8|Pescado
1995|8|Mantequilla
1995|8|Crustáceos
1995|8|Animales
1995|9|Suero
1995|9|Miel
1995|9|Pescado
1995|9|Filetes
1995|9|Peces
1995|9|Gallos
1995|9|Productos
1995|9|Lactosuero
1995|9|Leche
1995|9|Crustáceos
1995|9|Mantequilla
1995|9|Quesos
1995|9|Caballos
1995|9|Carne
1995|9|Animales
1995|9|Huevos
1995|10|Caballos
1995|10|Peces
1995|10|Carne
1995|10|Mantequilla
1995|10|Leche
1995|10|Productos
1995|10|Animales
1995|10|Huevos
1995|10|Suero
1995|10|Miel
1995|10|Filetes
1995|10|Gallos
1995|10|Crustáceos
1995|10|Pescado
1995|10|Quesos
1995|11|Leche
1995|11|Productos
1995|11|Pescado
1995|11|Despojos
1995|11|Suero
1995|11|Quesos
1995|11|Mantequilla
1995|11|Animales
1995|11|Crustáceos
1995|11|Filetes
1995|11|Carne
1995|11|Gallos
1995|12|Mantequilla
1995|12|Leche
1995|12|Animales
1995|12|Filetes
1995|12|Carne
1995|12|Quesos
1995|12|Moluscos
1995|12|Despojos
1995|12|Pescado
1995|12|Crustáceos
1995|12|Huevos
1995|12|Peces
1995|12|Suero
1995|12|Caballos
1995|12|Productos
1995|12|Gallos
1996|1|Mantequilla
1996|1|Peces
1996|1|Quesos
1996|1|Productos
1996|1|Moluscos
1996|1|Huevos
1996|1|Filetes
1996|1|Animales
1996|1|Crustáceos
1996|1|Otros
1996|1|Carne
1996|1|Pescado
1996|1|Suero
1996|1|Leche
1996|1|Gallos
1996|2|Animales
1996|2|Huevos
1996|2|Leche
1996|2|Despojos
1996|2|Miel
1996|2|Otros
1996|2|Crustáceos
1996|2|Carne
1996|2|Pescado
1996|2|Productos
1996|2|Quesos
1996|2|Gallos
1996|2|Tocino
1996|2|Mantequilla
1996|2|Caballos
1996|2|Suero
1996|3|Mantequilla
1996|3|Carne
1996|3|Huevos
1996|3|Productos
1996|3|Leche
1996|3|Crustáceos
1996|3|Gallos
1996|3|Peces
1996|3|Despojos
1996|3|Animales
1996|3|Suero
1996|3|Moluscos
1996|3|Tripas
1996|3|Quesos
1996|3|Filetes
1996|3|Pescado
1996|4|Leche
1996|4|Crustáceos
1996|4|Carne
1996|4|Productos
1996|4|Gallos
1996|4|Moluscos
1996|4|Pescado
1996|4|Suero
1996|4|Mantequilla
1996|4|Animales
1996|4|Despojos
1996|4|Miel
1996|4|Quesos
1996|4|Filetes
1996|4|Pieles
1996|4|Peces
1996|5|Lactosuero
1996|5|Suero
1996|5|Despojos
1996|5|Gallos
1996|5|Carne
1996|5|Quesos
1996|5|Productos
1996|5|Leche
1996|5|Animales
1996|5|Pescado
1996|5|Crustáceos
1996|5|Moluscos
1996|5|Huevos
1996|6|Suero
1996|6|Quesos
1996|6|Carne
1996|6|Mantequilla
1996|6|Filetes
1996|6|Crustáceos
1996|6|Leche
1996|6|Otros
1996|6|Peces
1996|6|Miel
1996|6|Animales
1996|6|Productos
1996|6|Pescado
1996|6|Gallos
1996|7|Gallos
1996|7|Peces
1996|7|Pescado
1996|7|Carne
1996|7|Quesos
1996|7|Moluscos
1996|7|Tripas
1996|7|Otros
1996|7|Productos
1996|7|Mantequilla
1996|7|Animales
1996|7|Suero
1996|7|Despojos
1996|7|Crustáceos
1996|7|Leche
1996|7|Huevos
1996|8|Gallos
1996|8|Leche
1996|8|Mantequilla
1996|8|Huevos
1996|8|Pescado
1996|8|Productos
1996|8|Animales
1996|8|Otros
1996|8|Suero
1996|8|Carne
1996|8|Peces
1996|8|Quesos
1996|8|Crustáceos
1996|9|Otros
1996|9|Suero
1996|9|Pescado
1996|9|Leche
1996|9|Mantequilla
1996|9|Tocino
1996|9|Productos
1996|9|Carne
1996|9|Caballos
1996|9|Quesos
1996|9|Animales
1996|9|Crustáceos
1996|9|Filetes
1996|9|Despojos
1996|9|Gallos
1996|10|Leche
1996|10|Pescado
1996|10|Quesos
1996|10|Moluscos
1996|10|Filetes
1996|10|Gallos
1996|10|Mantequilla
1996|10|Otros
1996|10|Productos
1996|10|Suero
1996|10|Despojos
1996|10|Miel
1996|10|Carne
1996|10|Animales
1996|10|Huevos
1996|10|Peces
1996|10|Crustáceos
1996|11|Mantequilla
1996|11|Carne
1996|11|Filetes
1996|11|Pescado
1996|11|Quesos
1996|11|Crustáceos
1996|11|Leche
1996|11|Peces
1996|11|Suero
1996|11|Gallos
1996|11|Despojos
1996|11|Moluscos
1996|11|Animales
1996|11|Miel
1996|11|Productos
1996|12|Moluscos
1996|12|Despojos
1996|12|Mantequilla
1996|12|Lactosuero
1996|12|Animales
1996|12|Carne
1996|12|Otros
1996|12|Crustáceos
1996|12|Pescado
1996|12|Gallos
1996|12|Tripas
1996|12|Suero
1996|12|Quesos
1996|12|Filetes
1996|12|Peces
1996|12|Pieles
1996|12|Leche
1996|12|Productos
1997|1|Suero
1997|1|Otros
1997|1|Leche
1997|1|Caballos
1997|1|Animales
1997|1|Gallos
1997|1|Filetes
1997|1|Carne
1997|1|Pescado
1997|1|Mantequilla
1997|1|Productos
1997|1|Moluscos
1997|1|Quesos
1997|1|Despojos
1997|1|Crustáceos
1997|1|Huevos
1997|2|Moluscos
1997|2|Pescado
1997|2|Animales
1997|2|Suero
1997|2|Carne
1997|2|Otros
1997|2|Peces
1997|2|Leche
1997|2|Huevos
1997|2|Gallos
1997|2|Quesos
1997|2|Crustáceos
1997|2|Despojos
1997|2|Productos
1997|2|Filetes
1997|3|Despojos
1997|3|Animales
1997|3|Peces
1997|3|Filetes
1997|3|Crustáceos
1997|3|Huevos
1997|3|Moluscos
1997|3|Leche
1997|3|Carne
1997|3|Productos
1997|3|Quesos
1997|3|Caballos
1997|3|Mantequilla
1997|3|Pescado
1997|3|Gallos
1997|3|Suero
1997|4|Tocino
1997|4|Huevos
1997|4|Peces
1997|4|Quesos
1997|4|Filetes
1997|4|Leche
1997|4|Despojos
1997|4|Gallos
1997|4|Carne
1997|4|Mantequilla
1997|4|Suero
1997|4|Productos
1997|4|Moluscos
1997|4|Animales
1997|4|Miel
1997|4|Pescado
1997|4|Crustáceos
1997|4|Tripas
1997|5|Productos
1997|5|Suero
1997|5|Quesos
1997|5|Pescado
1997|5|Animales
1997|5|Gallos
1997|5|Moluscos
1997|5|Carne
1997|5|Mantequilla
1997|5|Peces
1997|5|Filetes
1997|5|Leche
1997|5|Despojos
1997|5|Crustáceos
1997|5|Huevos
1997|6|Huevos
1997|6|Moluscos
1997|6|Filetes
1997|6|Leche
1997|6|Suero
1997|6|Crustáceos
1997|6|Mantequilla
1997|6|Peces
1997|6|Gallos
1997|6|Animales
1997|6|Quesos
1997|6|Miel
1997|6|Productos
1997|6|Despojos
1997|6|Carne
1997|6|Pescado
1997|6|Tocino
1997|7|Animales
1997|7|Filetes
1997|7|Gallos
1997|7|Miel
1997|7|Huevos
1997|7|Productos
1997|7|Otros
1997|7|Mantequilla
1997|7|Crustáceos
1997|7|Suero
1997|7|Moluscos
1997|7|Lactosuero
1997|7|Caballos
1997|7|Peces
1997|7|Carne
1997|7|Tripas
1997|7|Quesos
1997|7|Pescado
1997|7|Leche
1997|7|Despojos
1997|8|Productos
1997|8|Crustáceos
1997|8|Gallos
1997|8|Lactosuero
1997|8|Pescado
1997|8|Suero
1997|8|Despojos
1997|8|Filetes
1997|8|Huevos
1997|8|Mantequilla
1997|8|Otros
1997|8|Leche
1997|8|Quesos
1997|8|Carne
1997|8|Moluscos
1997|8|Animales
1997|8|Peces
1997|9|Productos
1997|9|Suero
1997|9|Crustáceos
1997|9|Mantequilla
1997|9|Huevos
1997|9|Otros
1997|9|Carne
1997|9|Animales
1997|9|Lactosuero
1997|9|Pescado
1997|9|Miel
1997|9|Leche
1997|9|Caballos
1997|9|Despojos
1997|9|Quesos
1997|9|Filetes
1997|9|Gallos
1997|9|Moluscos
1997|9|Peces
1997|10|Quesos
1997|10|Miel
1997|10|Pescado
1997|10|Peces
1997|10|Filetes
1997|10|Productos
1997|10|Mantequilla
1997|10|Suero
1997|10|Tocino
1997|10|Moluscos
1997|10|Leche
1997|10|Gallos
1997|10|Lactosuero
1997|10|Carne
1997|10|Huevos
1997|10|Cerdas
1997|10|Crustáceos
1997|11|Quesos
1997|11|Leche
1997|11|Carne
1997|11|Mantequilla
1997|11|Peces
1997|11|Productos
1997|11|Crustáceos
1997|11|Moluscos
1997|11|Gallos
1997|11|Otros
1997|11|Cerdas
1997|11|Filetes
1997|11|Suero
1997|11|Pieles
1997|11|Pescado
1997|11|Despojos
1997|11|Huevos
1997|11|Lactosuero
1997|11|Miel
1997|12|Despojos
1997|12|Leche
1997|12|Tocino
1997|12|Carne
1997|12|Productos
1997|12|Peces
1997|12|Crustáceos
1997|12|Moluscos
1997|12|Pescado
1997|12|Huevos
1997|12|Mantequilla
1997|12|Lactosuero
1997|12|Filetes
1997|12|Quesos
1997|12|Suero
1997|12|Miel
1997|12|Caballos
1997|12|Gallos
1998|1|Carne
1998|1|Gallos
1998|1|Lactosuero
1998|1|Mantequilla
1998|1|Peces
1998|1|Pescado
1998|1|Animales
1998|1|Filetes
1998|1|Otros
1998|1|Suero
1998|1|Productos
1998|1|Leche
1998|1|Moluscos
1998|1|Quesos
1998|1|Crustáceos
1998|1|Despojos
1998|1|Huevos
1998|2|Quesos
1998|2|Filetes
1998|2|Crustáceos
1998|2|Tocino
1998|2|Leche
1998|2|Productos
1998|2|Lactosuero
1998|2|Despojos
1998|2|Mantequilla
1998|2|Animales
1998|2|Carne
1998|2|Moluscos
1998|2|Gallos
1998|2|Pescado
1998|2|Huevos
1998|2|Peces
1998|2|Suero
1998|2|Otros
1998|3|Filetes
1998|3|Carne
1998|3|Leche
1998|3|Tocino
1998|3|Animales
1998|3|Otros
1998|3|Peces
1998|3|Gallos
1998|3|Quesos
1998|3|Productos
1998|3|Crustáceos
1998|3|Pescado
1998|3|Suero
1998|3|Despojos
1998|3|Moluscos
1998|3|Mantequilla
1998|4|Suero
1998|4|Otros
1998|4|Leche
1998|4|Peces
1998|4|Tocino
1998|4|Animales
1998|4|Pescado
1998|4|Crustáceos
1998|4|Mantequilla
1998|4|Gallos
1998|4|Carne
1998|4|Miel
1998|4|Lactosuero
1998|4|Moluscos
1998|4|Despojos
1998|4|Productos
1998|4|Filetes
1998|4|Huevos
1998|4|Quesos
1998|5|Huevos
1998|5|Filetes
1998|5|Pescado
1998|5|Moluscos
1998|5|Crustáceos
1998|5|Peces
1998|5|Lactosuero
1998|5|Animales
1998|5|Productos
1998|5|Gallos
1998|5|Despojos
1998|5|Quesos
1998|5|Caballos
1998|5|Mantequilla
1998|5|Leche
1998|5|Suero
1998|5|Miel
1998|5|Carne
1998|6|Gallos
1998|6|Huevos
1998|6|Mantequilla
1998|6|Miel
1998|6|Tocino
1998|6|Crustáceos
1998|6|Quesos
1998|6|Leche
1998|6|Peces
1998|6|Moluscos
1998|6|Otros
1998|6|Pescado
1998|6|Productos
1998|6|Carne
1998|6|Suero
1998|6|Filetes
1998|6|Lactosuero
1998|7|Tripas
1998|7|Leche
1998|7|Moluscos
1998|7|Crustáceos
1998|7|Suero
1998|7|Tocino
1998|7|Otros
1998|7|Productos
1998|7|Caballos
1998|7|Filetes
1998|7|Lactosuero
1998|7|Gallos
1998|7|Carne
1998|7|Pescado
1998|7|Peces
1998|7|Quesos
1998|7|Mantequilla
1998|8|Animales
1998|8|Caballos
1998|8|Quesos
1998|8|Leche
1998|8|Filetes
1998|8|Huevos
1998|8|Productos
1998|8|Mantequilla
1998|8|Tocino
1998|8|Moluscos
1998|8|Crustáceos
1998|8|Pescado
1998|8|Suero
1998|8|Peces
1998|8|Gallos
1998|8|Carne
1998|8|Lactosuero
1998|9|Miel
1998|9|Suero
1998|9|Otros
1998|9|Moluscos
1998|9|Animales
1998|9|Despojos
1998|9|Peces
1998|9|Tocino
1998|9|Gallos
1998|9|Productos
1998|9|Quesos
1998|9|Lactosuero
1998|9|Mantequilla
1998|9|Crustáceos
1998|9|Pescado
1998|9|Huevos
1998|9|Leche
1998|9|Caballos
1998|9|Carne
1998|9|Filetes
1998|10|Mantequilla
1998|10|Gallos
1998|10|Caballos
1998|10|Miel
1998|10|Pieles
1998|10|Productos
1998|10|Moluscos
1998|10|Suero
1998|10|Otros
1998|10|Lactosuero
1998|10|Carne
1998|10|Leche
1998|10|Quesos
1998|10|Crustáceos
1998|10|Peces
1998|10|Pescado
1998|10|Filetes
1998|11|Productos
1998|11|Animales
1998|11|Quesos
1998|11|Crustáceos
1998|11|Otros
1998|11|Lactosuero
1998|11|Huevos
1998|11|Miel
1998|11|Suero
1998|11|Filetes
1998|11|Moluscos
1998|11|Despojos
1998|11|Carne
1998|11|Peces
1998|11|Tocino
1998|11|Leche
1998|11|Gallos
1998|11|Pescado
1998|11|Mantequilla
1998|12|Pieles
1998|12|Lactosuero
1998|12|Peces
1998|12|Otros
1998|12|Suero
1998|12|Miel
1998|12|Quesos
1998|12|Tocino
1998|12|Filetes
1998|12|Moluscos
1998|12|Despojos
1998|12|Productos
1998|12|Carne
1998|12|Gallos
1998|12|Animales
1998|12|Leche
1998|12|Pescado
1998|12|Crustáceos
1999|1|Pescado
1999|1|Animales
1999|1|Lactosuero
1999|1|Leche
1999|1|Quesos
1999|1|Suero
1999|1|Carne
1999|1|Productos
1999|1|Gallos
1999|1|Mantequilla
1999|1|Moluscos
1999|1|Otros
1999|1|Despojos
1999|1|Crustáceos
1999|1|Filetes
1999|1|Huevos
1999|2|Miel
1999|2|Suero
1999|2|Pescado
1999|2|Lactosuero
1999|2|Huevos
1999|2|Filetes
1999|2|Productos
1999|2|Leche
1999|2|Carne
1999|2|Crustáceos
1999|2|Quesos
1999|2|Peces
1999|2|Tocino
1999|2|Despojos
1999|2|Mantequilla
1999|2|Gallos
1999|2|Caballos
1999|2|Otros
1999|3|Animales
1999|3|Filetes
1999|3|Quesos
1999|3|Productos
1999|3|Pescado
1999|3|Otros
1999|3|Las
1999|3|Tocino
1999|3|Peces
1999|3|Crustáceos
1999|3|Leche
1999|3|Moluscos
1999|3|Carne
1999|3|Gallos
1999|3|Lactosuero
1999|3|Mantequilla
1999|3|Suero
1999|4|Pescado
1999|4|Suero
1999|4|Despojos
1999|4|Cerdas
1999|4|Lactosuero
1999|4|Peces
1999|4|Crustáceos
1999|4|Animales
1999|4|Gallos
1999|4|Huevos
1999|4|Huesos
1999|4|Tocino
1999|4|Carne
1999|4|Quesos
1999|4|Leche
1999|4|Moluscos
1999|4|Filetes
1999|4|Mantequilla
1999|4|Productos
1999|4|Marfil
1999|5|Mantequilla
1999|5|Carne
1999|5|Caballos
1999|5|Miel
1999|5|Gallos
1999|5|Peces
1999|5|Filetes
1999|5|Suero
1999|5|Animales
1999|5|Otros
1999|5|Tocino
1999|5|Quesos
1999|5|Productos
1999|5|Moluscos
1999|5|Lactosuero
1999|5|Tripas
1999|5|Huevos
1999|5|Leche
1999|5|Crustáceos
1999|5|Pescado
1999|6|Lactosuero
1999|6|Filetes
1999|6|Suero
1999|6|Huevos
1999|6|Pescado
1999|6|Crustáceos
1999|6|Carne
1999|6|Quesos
1999|6|Moluscos
1999|6|Mantequilla
1999|6|Tocino
1999|6|Leche
1999|6|Gallos
1999|6|Productos
1999|6|Peces
1999|6|Caballos
1999|6|Otros
1999|7|Lactosuero
1999|7|Productos
1999|7|Peces
1999|7|Carne
1999|7|Tripas
1999|7|Moluscos
1999|7|Otros
1999|7|Mantequilla
1999|7|Quesos
1999|7|Filetes
1999|7|Huevos
1999|7|Leche
1999|7|Gallos
1999|7|Suero
1999|7|Crustáceos
1999|7|Pieles
1999|7|Tocino
1999|7|Animales
1999|7|Pescado
1999|8|Mantequilla
1999|8|Filetes
1999|8|Despojos
1999|8|Leche
1999|8|Pescado
1999|8|Caballos
1999|8|Animales
1999|8|Crustáceos
1999|8|Quesos
1999|8|Gallos
1999|8|Productos
1999|8|Peces
1999|8|Lactosuero
1999|8|Tocino
1999|8|Suero
1999|8|Huevos
1999|8|Carne
1999|9|Otros
1999|9|Mantequilla
1999|9|Animales
1999|9|Quesos
1999|9|Huevos
1999|9|Moluscos
1999|9|Crustáceos
1999|9|Pescado
1999|9|Carne
1999|9|Peces
1999|9|Gallos
1999|9|Productos
1999|9|Suero
1999|9|Lactosuero
1999|9|Despojos
1999|9|Marfil
1999|9|Tocino
1999|9|Filetes
1999|9|Leche
1999|10|Huevos
1999|10|Tocino
1999|10|Filetes
1999|10|Productos
1999|10|Leche
1999|10|Despojos
1999|10|Gallos
1999|10|Miel
1999|10|Lactosuero
1999|10|Caballos
1999|10|Moluscos
1999|10|Carne
1999|10|Pescado
1999|10|Crustáceos
1999|10|Otros
1999|10|Suero
1999|10|Quesos
1999|10|Mantequilla
1999|10|Animales
1999|11|Pescado
1999|11|Animales
1999|11|Peces
1999|11|Moluscos
1999|11|Miel
1999|11|Suero
1999|11|Tocino
1999|11|Caballos
1999|11|Despojos
1999|11|Carne
1999|11|Crustáceos
1999|11|Productos
1999|11|Gallos
1999|11|Huevos
1999|11|Lactosuero
1999|11|Otros
1999|11|Quesos
1999|11|Filetes
1999|11|Mantequilla
1999|11|Leche
1999|12|Moluscos
1999|12|Peces
1999|12|Tocino
1999|12|Leche
1999|12|Crustáceos
1999|12|Animales
1999|12|Filetes
1999|12|Carne
1999|12|Despojos
1999|12|Mantequilla
1999|12|Suero
1999|12|Caballos
1999|12|Lactosuero
1999|12|Otros
1999|12|Quesos
1999|12|Miel
1999|12|Gallos
1999|12|Productos
1999|12|Pescado
1999|12|Huevos
2000|1|Quesos
2000|1|Mantequilla
2000|1|Miel
2000|1|Lactosuero
2000|1|Carne
2000|1|Leche
2000|1|Otros
2000|1|Tocino
2000|1|Productos
2000|1|Filetes
2000|1|Gallos
2000|1|Caballos
2000|1|Moluscos
2000|1|Suero
2000|1|Animales
2000|1|Crustáceos
2000|1|Despojos
2000|1|Pieles
2000|1|Pescado
2000|2|Peces
2000|2|Miel
2000|2|Filetes
2000|2|Carne
2000|2|Suero
2000|2|Despojos
2000|2|Productos
2000|2|Leche
2000|2|Crustáceos
2000|2|Moluscos
2000|2|Gallos
2000|2|Quesos
2000|2|Pescado
2000|2|Lactosuero
2000|2|Tocino
2000|2|Caballos
2000|2|Animales
2000|2|Mantequilla
2000|2|Huevos
2000|3|Tripas
2000|3|Otros
2000|3|Quesos
2000|3|Mantequilla
2000|3|Miel
2000|3|Pescado
2000|3|Crustáceos
2000|3|Carne
2000|3|Moluscos
2000|3|Leche
2000|3|Peces
2000|3|Despojos
2000|3|Productos
2000|3|Lactosuero
2000|3|Huevos
2000|3|Animales
2000|3|Tocino
2000|3|Suero
2000|3|Filetes
2000|3|Gallos
2000|4|Productos
2000|4|Animales
2000|4|Mantequilla
2000|4|Leche
2000|4|Pescado
2000|4|Quesos
2000|4|Huevos
2000|4|Moluscos
2000|4|Filetes
2000|4|Carne
2000|4|Tripas
2000|4|Tocino
2000|4|Suero
2000|4|Despojos
2000|4|Crustáceos
2000|4|Peces
2000|4|Gallos
2000|5|Mantequilla
2000|5|Leche
2000|5|Productos
2000|5|Crustáceos
2000|5|Despojos
2000|5|Quesos
2000|5|Lactosuero
2000|5|Suero
2000|5|Animales
2000|5|Moluscos
2000|5|Filetes
2000|5|Carne
2000|5|Tripas
2000|5|Pescado
2000|5|Tocino
2000|5|Peces
2000|5|Miel
2000|5|Pieles
2000|5|Gallos
2000|5|Huevos
2000|6|Leche
2000|6|Suero
2000|6|Gallos
2000|6|Tocino
2000|6|Filetes
2000|6|Pieles
2000|6|Peces
2000|6|Carne
2000|6|Huevos
2000|6|Lactosuero
2000|6|Pescado
2000|6|Mantequilla
2000|6|Caballos
2000|6|Crustáceos
2000|6|Despojos
2000|6|Animales
2000|6|Quesos
2000|6|Marfil
2000|6|Moluscos
2000|6|Productos
2000|6|Miel
2000|7|Caballos
2000|7|Miel
2000|7|Huevos
2000|7|Quesos
2000|7|Animales
2000|7|Otros
2000|7|Leche
2000|7|Lactosuero
2000|7|Suero
2000|7|Carne
2000|7|Crustáceos
2000|7|Pescado
2000|7|Gallos
2000|7|Moluscos
2000|7|Filetes
2000|7|Peces
2000|7|Mantequilla
2000|7|Tocino
2000|7|Despojos
2000|7|Productos
2000|8|Huevos
2000|8|Despojos
2000|8|Lactosuero
2000|8|Tripas
2000|8|Miel
2000|8|Mantequilla
2000|8|Caballos
2000|8|Filetes
2000|8|Suero
2000|8|Gallos
2000|8|Animales
2000|8|Leche
2000|8|Quesos
2000|8|Productos
2000|8|Carne
2000|8|Crustáceos
2000|8|Moluscos
2000|8|Pescado
2000|8|Tocino
2000|9|Suero
2000|9|Peces
2000|9|Animales
2000|9|Lactosuero
2000|9|Productos
2000|9|Pescado
2000|9|Otros
2000|9|Despojos
2000|9|Caballos
2000|9|Quesos
2000|9|Mantequilla
2000|9|Crustáceos
2000|9|Filetes
2000|9|Leche
2000|9|Moluscos
2000|9|Tocino
2000|9|Gallos
2000|9|Pieles
2000|9|Carne
2000|9|Huevos
2000|10|Quesos
2000|10|Gallos
2000|10|Tripas
2000|10|Crustáceos
2000|10|Carne
2000|10|Filetes
2000|10|Animales
2000|10|Suero
2000|10|Peces
2000|10|Pescado
2000|10|Huevos
2000|10|Miel
2000|10|Productos
2000|10|Moluscos
2000|10|Tocino
2000|10|Despojos
2000|10|Leche
2000|10|Mantequilla
2000|11|Productos
2000|11|Moluscos
2000|11|Lactosuero
2000|11|Peces
2000|11|Mantequilla
2000|11|Otros
2000|11|Pescado
2000|11|Quesos
2000|11|Leche
2000|11|Suero
2000|11|Filetes
2000|11|Carne
2000|11|Huevos
2000|11|Despojos
2000|11|Gallos
2000|11|Coral
2000|11|Animales
2000|11|Miel
2000|11|Caballos
2000|11|Tocino
2000|11|Crustáceos
2000|12|Moluscos
2000|12|Tocino
2000|12|Miel
2000|12|Caballos
2000|12|Huevos
2000|12|Filetes
2000|12|Leche
2000|12|Animales
2000|12|Quesos
2000|12|Carne
2000|12|Lactosuero
2000|12|Suero
2000|12|Mantequilla
2000|12|Peces
2000|12|Productos
2000|12|Crustáceos
2000|12|Pieles
2000|12|Pescado
2000|12|Otros
2000|12|Gallos
2000|12|Despojos
2001|1|Tocino
2001|1|Miel
2001|1|Animales
2001|1|Despojos
2001|1|Mantequilla
2001|1|Gallos
2001|1|Lactosuero
2001|1|Caballos
2001|1|Carne
2001|1|Crustáceos
2001|1|Productos
2001|1|Moluscos
2001|1|Quesos
2001|1|Pescado
2001|1|Suero
2001|1|Leche
2001|1|Huevos
2001|1|Filetes
2001|2|Tripas
2001|2|Gallos
2001|2|Leche
2001|2|Mantequilla
2001|2|Lactosuero
2001|2|Coral
2001|2|Pescado
2001|2|Carne
2001|2|Crustáceos
2001|2|Pieles
2001|2|Moluscos
2001|2|Tocino
2001|2|Productos
2001|2|Miel
2001|2|Quesos
2001|2|Suero
2001|2|Animales
2001|2|Filetes
2001|2|Peces
2001|2|Despojos
2001|3|Quesos
2001|3|Pescado
2001|3|Moluscos
2001|3|Leche
2001|3|Productos
2001|3|Animales
2001|3|Huevos
2001|3|Miel
2001|3|Despojos
2001|3|Carne
2001|3|Peces
2001|3|Suero
2001|3|Lactosuero
2001|3|Pieles
2001|3|Gallos
2001|3|Filetes
2001|3|Mantequilla
2001|3|Crustáceos
2001|3|Tocino
2001|4|Leche
2001|4|Pescado
2001|4|Mantequilla
2001|4|Caballos
2001|4|Despojos
2001|4|Quesos
2001|4|Crustáceos
2001|4|Suero
2001|4|Miel
2001|4|Huevos
2001|4|Carne
2001|4|Lactosuero
2001|4|Moluscos
2001|4|Pieles
2001|4|Gallos
2001|4|Animales
2001|4|Filetes
2001|4|Tripas
2001|5|Mantequilla
2001|5|Tripas
2001|5|Otros
2001|5|Suero
2001|5|Carne
2001|5|Moluscos
2001|5|Gallos
2001|5|Leche
2001|5|Crustáceos
2001|5|Quesos
2001|5|Tocino
2001|5|Huevos
2001|5|Caballos
2001|5|Despojos
2001|5|Miel
2001|5|Pescado
2001|5|Filetes
2001|5|Lactosuero
2001|5|Animales
2001|5|Productos
2001|5|Peces
2001|6|Quesos
2001|6|Productos
2001|6|Animales
2001|6|Filetes
2001|6|Tocino
2001|6|Huesos
2001|6|Suero
2001|6|Mantequilla
2001|6|Crustáceos
2001|6|Miel
2001|6|Pieles
2001|6|Pescado
2001|6|Caballos
2001|6|Leche
2001|6|Tripas
2001|6|Lactosuero
2001|6|Huevos
2001|6|Moluscos
2001|6|Gallos
2001|6|Carne
2001|7|Suero
2001|7|Pescado
2001|7|Pieles
2001|7|Tocino
2001|7|Mantequilla
2001|7|Peces
2001|7|Caballos
2001|7|Gallos
2001|7|Animales
2001|7|Productos
2001|7|Huevos
2001|7|Despojos
2001|7|Crustáceos
2001|7|Leche
2001|7|Quesos
2001|7|Lactosuero
2001|7|Moluscos
2001|7|Filetes
2001|7|Carne
2001|8|Crustáceos
2001|8|Peces
2001|8|Suero
2001|8|Miel
2001|8|Huevos
2001|8|Carne
2001|8|Moluscos
2001|8|Quesos
2001|8|Filetes
2001|8|Lactosuero
2001|8|Animales
2001|8|Pescado
2001|8|Mantequilla
2001|8|Tripas
2001|8|Leche
2001|8|Caballos
2001|8|Tocino
2001|8|Gallos
2001|8|Productos
2001|9|Crustáceos
2001|9|Leche
2001|9|Animales
2001|9|Carne
2001|9|Mantequilla
2001|9|Peces
2001|9|Miel
2001|9|Lactosuero
2001|9|Huevos
2001|9|Quesos
2001|9|Otros
2001|9|Filetes
2001|9|Gallos
2001|9|Productos
2001|9|Suero
2001|9|Pescado
2001|9|Moluscos
2001|9|Caballos
2001|10|Pescado
2001|10|Moluscos
2001|10|Tripas
2001|10|Filetes
2001|10|Crustáceos
2001|10|Carne
2001|10|Caballos
2001|10|Quesos
2001|10|Tocino
2001|10|Miel
2001|10|Productos
2001|10|Lactosuero
2001|10|Despojos
2001|10|Coral
2001|10|Animales
2001|10|Suero
2001|10|Gallos
2001|10|Peces
2001|10|Leche
2001|10|Mantequilla
2001|11|Pescado
2001|11|Leche
2001|11|Crustáceos
2001|11|Filetes
2001|11|Gallos
2001|11|Huevos
2001|11|Productos
2001|11|Caballos
2001|11|Carne
2001|11|Quesos
2001|11|Peces
2001|11|Despojos
2001|11|Miel
2001|11|Suero
2001|11|Moluscos
2001|11|Tocino
2001|11|Otros
2001|11|Mantequilla
2001|11|Lactosuero
2001|11|Animales
2001|12|Moluscos
2001|12|Tocino
2001|12|Suero
2001|12|Animales
2001|12|Leche
2001|12|Crustáceos
2001|12|Huevos
2001|12|Mantequilla
2001|12|Carne
2001|12|Quesos
2001|12|Peces
2001|12|Otros
2001|12|Gallos
2001|12|Lactosuero
2001|12|Filetes
2001|12|Productos
2001|12|Pescado
2002|1|Leche
2002|1|Filetes
2002|1|Lactosuero
2002|1|Despojos
2002|1|Carne
2002|1|Mantequilla
2002|1|Tocino
2002|1|Suero
2002|1|Miel
2002|1|Productos
2002|1|Crustáceos
2002|1|Otros
2002|1|Pescado
2002|1|Quesos
2002|1|Huevos
2002|1|Peces
2002|1|Gallos
2002|2|Animales
2002|2|Filetes
2002|2|Crustáceos
2002|2|Mantequilla
2002|2|Productos
2002|2|Moluscos
2002|2|Quesos
2002|2|Carne
2002|2|Gallos
2002|2|Leche
2002|2|Lactosuero
2002|2|Tocino
2002|2|Miel
2002|2|Suero
2002|2|Pescado
2002|3|Ambar
2002|3|Caballos
2002|3|Moluscos
2002|3|Huevos
2002|3|Otros
2002|3|Quesos
2002|3|Productos
2002|3|Suero
2002|3|Mantequilla
2002|3|Tripas
2002|3|Crustáceos
2002|3|Pescado
2002|3|Carne
2002|3|Lactosuero
2002|3|Despojos
2002|3|Animales
2002|3|Gallos
2002|3|Filetes
2002|3|Leche
2002|3|Peces
2002|4|Moluscos
2002|4|Filetes
2002|4|Suero
2002|4|Gallos
2002|4|Huevos
2002|4|Quesos
2002|4|Productos
2002|4|Mantequilla
2002|4|Ambar
2002|4|Animales
2002|4|Carne
2002|4|Pescado
2002|4|Otros
2002|4|Leche
2002|4|Lactosuero
2002|4|Peces
2002|4|Miel
2002|4|Crustáceos
2002|5|Animales
2002|5|Crustáceos
2002|5|Productos
2002|5|Suero
2002|5|Leche
2002|5|Miel
2002|5|Filetes
2002|5|Carne
2002|5|Pescado
2002|5|Lactosuero
2002|5|Peces
2002|5|Moluscos
2002|5|Gallos
2002|5|Quesos
2002|5|Pieles
2002|5|Mantequilla
2002|5|Huevos
2002|6|Gallos
2002|6|Pescado
2002|6|Productos
2002|6|Miel
2002|6|Tocino
2002|6|Mantequilla
2002|6|Caballos
2002|6|Otros
2002|6|Huevos
2002|6|Crustáceos
2002|6|Lactosuero
2002|6|Animales
2002|6|Moluscos
2002|6|Carne
2002|6|Filetes
2002|6|Suero
2002|6|Quesos
2002|6|Leche
2002|7|Huevos
2002|7|Ambar
2002|7|Animales
2002|7|Caballos
2002|7|Filetes
2002|7|Lactosuero
2002|7|Pescado
2002|7|Suero
2002|7|Otros
2002|7|Tripas
2002|7|Leche
2002|7|Miel
2002|7|Mantequilla
2002|7|Quesos
2002|7|Moluscos
2002|7|Crustáceos
2002|7|Carne
2002|7|Gallos
2002|7|Productos
2002|8|Tocino
2002|8|Quesos
2002|8|Carne
2002|8|Crustáceos
2002|8|Pescado
2002|8|Suero
2002|8|Lactosuero
2002|8|Gallos
2002|8|Mantequilla
2002|8|Miel
2002|8|Productos
2002|8|Moluscos
2002|8|Despojos
2002|8|Filetes
2002|8|Leche
2002|8|Peces
2002|8|Otros
2002|9|Pescado
2002|9|Filetes
2002|9|Carne
2002|9|Gallos
2002|9|Animales
2002|9|Moluscos
2002|9|Otros
2002|9|Lactosuero
2002|9|Crustáceos
2002|9|Leche
2002|9|Mantequilla
2002|9|Suero
2002|9|Quesos
2002|9|Peces
2002|9|Productos
2002|9|Tocino
2002|9|Pieles
2002|10|Moluscos
2002|10|Crustáceos
2002|10|Miel
2002|10|Productos
2002|10|Suero
2002|10|Peces
2002|10|Pescado
2002|10|Filetes
2002|10|Ambar
2002|10|Leche
2002|10|Lactosuero
2002|10|Caballos
2002|10|Gallos
2002|10|Animales
2002|10|Otros
2002|10|Quesos
2002|10|Mantequilla
2002|10|Tripas
2002|10|Carne
2002|11|Pieles
2002|11|Productos
2002|11|Lactosuero
2002|11|Crustáceos
2002|11|Miel
2002|11|Gallos
2002|11|Mantequilla
2002|11|Animales
2002|11|Peces
2002|11|Suero
2002|11|Moluscos
2002|11|Filetes
2002|11|Carne
2002|11|Leche
2002|11|Quesos
2002|11|Caballos
2002|11|Otros
2002|11|Pescado
2002|12|Gallos
2002|12|Suero
2002|12|Leche
2002|12|Pescado
2002|12|Tocino
2002|12|Moluscos
2002|12|Filetes
2002|12|Miel
2002|12|Productos
2002|12|Crustáceos
2002|12|Carne
2002|12|Peces
2002|12|Quesos
2002|12|Otros
2002|12|Mantequilla
2002|12|Lactosuero
2003|1|Gallos
2003|1|Carne
2003|1|Productos
2003|1|Quesos
2003|1|Crustáceos
2003|1|Huevos
2003|1|Moluscos
2003|1|Pieles
2003|1|Caballos
2003|1|Mantequilla
2003|1|Otros
2003|1|Miel
2003|1|Ambar
2003|1|Peces
2003|1|Lactosuero
2003|1|Pescado
2003|1|Leche
2003|1|Filetes
2003|2|Moluscos
2003|2|Gallos
2003|2|Mantequilla
2003|2|Carne
2003|2|Pescado
2003|2|Filetes
2003|2|Suero
2003|2|Tocino
2003|2|Productos
2003|2|Lactosuero
2003|2|Quesos
2003|2|Crustáceos
2003|2|Leche
2003|2|Peces
2003|2|Otros
2003|3|Suero
2003|3|Mantequilla
2003|3|Productos
2003|3|Gallos
2003|3|Filetes
2003|3|Lactosuero
2003|3|Pieles
2003|3|Otros
2003|3|Crustáceos
2003|3|Quesos
2003|3|Miel
2003|3|Moluscos
2003|3|Leche
2003|3|Pescado
2003|4|Otros
2003|4|Lactosuero
2003|4|Carne
2003|4|Huevos
2003|4|Productos
2003|4|Quesos
2003|4|Leche
2003|4|Animales
2003|4|Filetes
2003|4|Crustáceos
2003|4|Pescado
2003|4|Gallos
2003|4|Miel
2003|4|Mantequilla
2003|4|Peces
2003|4|Moluscos
2003|4|Suero
2003|5|Gallos
2003|5|Quesos
2003|5|Miel
2003|5|Leche
2003|5|Productos
2003|5|Lactosuero
2003|5|Otros
2003|5|Suero
2003|5|Caballos
2003|5|Mantequilla
2003|5|Crustáceos
2003|5|Moluscos
2003|5|Carne
2003|5|Filetes
2003|5|Pescado
2003|6|Leche
2003|6|Mantequilla
2003|6|Animales
2003|6|Filetes
2003|6|Pescado
2003|6|Otros
2003|6|Huevos
2003|6|Quesos
2003|6|Lactosuero
2003|6|Carne
2003|6|Moluscos
2003|6|Tripas
2003|6|Crustáceos
2003|6|Miel
2003|6|Gallos
2003|6|Productos
2003|6|Suero
2003|6|Peces
2003|7|Lactosuero
2003|7|Suero
2003|7|Miel
2003|7|Animales
2003|7|Gallos
2003|7|Moluscos
2003|7|Quesos
2003|7|Otros
2003|7|Productos
2003|7|Pescado
2003|7|Leche
2003|7|Mantequilla
2003|7|Huevos
2003|7|Crustáceos
2003|7|Peces
2003|7|Filetes
2003|8|Huevos
2003|8|Caballos
2003|8|Peces
2003|8|Leche
2003|8|Crustáceos
2003|8|Gallos
2003|8|Pieles
2003|8|Filetes
2003|8|Quesos
2003|8|Moluscos
2003|8|Lactosuero
2003|8|Otros
2003|8|Pescado
2003|8|Suero
2003|8|Carne
2003|8|Mantequilla
2003|9|Caballos
2003|9|Mantequilla
2003|9|Leche
2003|9|Moluscos
2003|9|Filetes
2003|9|Peces
2003|9|Animales
2003|9|Lactosuero
2003|9|Otros
2003|9|Gallos
2003|9|Suero
2003|9|Quesos
2003|9|Crustáceos
2003|9|Productos
2003|9|Pescado
2003|9|Huevos
2003|9|Tripas
2003|9|Miel
2003|10|Miel
2003|10|Filetes
2003|10|Crustáceos
2003|10|Mantequilla
2003|10|Productos
2003|10|Otros
2003|10|Quesos
2003|10|Carne
2003|10|Animales
2003|10|Pescado
2003|10|Gallos
2003|10|Peces
2003|10|Leche
2003|10|Moluscos
2003|10|Lactosuero
2003|10|Suero
2003|11|Peces
2003|11|Quesos
2003|11|Pescado
2003|11|Mantequilla
2003|11|Filetes
2003|11|Otros
2003|11|Crustáceos
2003|11|Productos
2003|11|Carne
2003|11|Gallos
2003|11|Miel
2003|11|Suero
2003|11|Huevos
2003|11|Moluscos
2003|11|Leche
2003|11|Lactosuero
2003|12|Suero
2003|12|Tripas
2003|12|Pescado
2003|12|Carne
2003|12|Filetes
2003|12|Miel
2003|12|Mantequilla
2003|12|Gallos
2003|12|Productos
2003|12|Quesos
2003|12|Peces
2003|12|Leche
2003|12|Crustáceos
2003|12|Animales
2003|12|Huevos
2003|12|Tocino
2003|12|Otros
2003|12|Moluscos
2004|1|Moluscos
2004|1|Miel
2004|1|Lactosuero
2004|1|Ambar
2004|1|Leche
2004|1|Suero
2004|1|Carne
2004|1|Otros
2004|1|Crustáceos
2004|1|Despojos
2004|1|Productos
2004|1|Pescado
2004|1|Gallos
2004|1|Filetes
2004|1|Peces
2004|1|Quesos
2004|1|Mantequilla
2004|2|Leche
2004|2|Pescado
2004|2|Productos
2004|2|Despojos
2004|2|Peces
2004|2|Miel
2004|2|Crustáceos
2004|2|Carne
2004|2|Gallos
2004|2|Mantequilla
2004|2|Animales
2004|2|Quesos
2004|2|Otros
2004|2|Filetes
2004|2|Moluscos
2004|2|Huevos
2004|2|Suero
2004|2|Lactosuero
2004|3|Gallos
2004|3|Suero
2004|3|Quesos
2004|3|Pescado
2004|3|Crustáceos
2004|3|Filetes
2004|3|Otros
2004|3|Productos
2004|3|Caballos
2004|3|Mantequilla
2004|3|Leche
2004|3|Moluscos
2004|3|Despojos
2004|3|Tripas
2004|3|Lactosuero
2004|3|Carne
2004|3|Miel
2004|3|Peces
2004|4|Lactosuero
2004|4|Productos
2004|4|Otros
2004|4|Moluscos
2004|4|Huevos
2004|4|Leche
2004|4|Quesos
2004|4|Animales
2004|4|Filetes
2004|4|Crustáceos
2004|4|Despojos
2004|4|Suero
2004|4|Gallos
2004|4|Peces
2004|4|Miel
2004|4|Carne
2004|4|Mantequilla
2004|4|Pescado
2004|5|Peces
2004|5|Moluscos
2004|5|Despojos
2004|5|Filetes
2004|5|Leche
2004|5|Gallos
2004|5|Tocino
2004|5|Caballos
2004|5|Miel
2004|5|Huevos
2004|5|Carne
2004|5|Quesos
2004|5|Lactosuero
2004|5|Pescado
2004|5|Suero
2004|5|Otros
2004|5|Crustáceos
2004|5|Mantequilla
2004|5|Pieles
2004|6|Filetes
2004|6|Suero
2004|6|Crustáceos
2004|6|Pescado
2004|6|Productos
2004|6|Carne
2004|6|Huevos
2004|6|Mantequilla
2004|6|Leche
2004|6|Las
2004|6|Gallos
2004|6|Quesos
2004|6|Tripas
2004|6|Despojos
2004|6|Animales
2004|7|Carne
2004|7|Filetes
2004|7|Despojos
2004|7|Mantequilla
2004|7|Peces
2004|7|Pescado
2004|7|Suero
2004|7|Moluscos
2004|7|Quesos
2004|7|Tocino
2004|7|Leche
2004|7|Crustáceos
2004|7|Huevos
2004|7|Gallos
2004|7|Caballos
2004|8|Moluscos
2004|8|Despojos
2004|8|Tripas
2004|8|Quesos
2004|8|Gallos
2004|8|Lactosuero
2004|8|Crustáceos
2004|8|Carne
2004|8|Tocino
2004|8|Miel
2004|8|Filetes
2004|8|Productos
2004|8|Huevos
2004|8|Leche
2004|8|Pescado
2004|8|Mantequilla
2004|8|Suero
2004|9|Caballos
2004|9|Pescado
2004|9|Tripas
2004|9|Peces
2004|9|Pieles
2004|9|Moluscos
2004|9|Lactosuero
2004|9|Miel
2004|9|Filetes
2004|9|Productos
2004|9|Leche
2004|9|Carne
2004|9|Gallos
2004|9|Crustáceos
2004|9|Suero
2004|9|Tocino
2004|9|Despojos
2004|9|Mantequilla
2004|9|Quesos
2004|10|Leche
2004|10|Huevos
2004|10|Pescado
2004|10|Filetes
2004|10|Miel
2004|10|Crustáceos
2004|10|Despojos
2004|10|Productos
2004|10|Carne
2004|10|Mantequilla
2004|10|Gallos
2004|10|Lactosuero
2004|10|Moluscos
2004|10|Quesos
2004|10|Suero
2004|10|Otros
2004|11|Crustáceos
2004|11|Huevos
2004|11|Quesos
2004|11|Despojos
2004|11|Mantequilla
2004|11|Animales
2004|11|Filetes
2004|11|Pescado
2004|11|Otros
2004|11|Carne
2004|11|Tripas
2004|11|Leche
2004|11|Suero
2004|11|Gallos
2004|11|Lactosuero
2004|11|Miel
2004|12|Peces
2004|12|Gallos
2004|12|Crustáceos
2004|12|Pescado
2004|12|Carne
2004|12|Huevos
2004|12|Mantequilla
2004|12|Filetes
2004|12|Productos
2004|12|Otros
2004|12|Leche
2004|12|Suero
2004|12|Quesos
2004|12|Despojos
2004|12|Caballos
2004|12|Miel
2004|12|Moluscos
2004|12|Lactosuero
2005|1|Huevos
2005|1|Carne
2005|1|Gallos
2005|1|Quesos
2005|1|Filetes
2005|1|Moluscos
2005|1|Lactosuero
2005|1|Peces
2005|1|Crustáceos
2005|1|Mantequilla
2005|1|Despojos
2005|1|Productos
2005|1|Pescado
2005|1|Leche
2005|1|Suero
2005|2|Peces
2005|2|Carne
2005|2|Animales
2005|2|Quesos
2005|2|Despojos
2005|2|Miel
2005|2|Mantequilla
2005|2|Moluscos
2005|2|Huevos
2005|2|Pescado
2005|2|Filetes
2005|2|Suero
2005|2|Otros
2005|2|Productos
2005|2|Lactosuero
2005|2|Leche
2005|2|Gallos
2005|2|Crustáceos
2005|3|Gallos
2005|3|Pescado
2005|3|Mantequilla
2005|3|Tripas
2005|3|Otros
2005|3|Filetes
2005|3|Leche
2005|3|Moluscos
2005|3|Huevos
2005|3|Carne
2005|3|Quesos
2005|3|Crustáceos
2005|3|Lactosuero
2005|3|Caballos
2005|3|Productos
2005|3|Peces
2005|3|Despojos
2005|3|Suero
2005|4|Pescado
2005|4|Lactosuero
2005|4|Leche
2005|4|Mantequilla
2005|4|Quesos
2005|4|Moluscos
2005|4|Filetes
2005|4|Suero
2005|4|Otros
2005|4|Caballos
2005|4|Gallos
2005|4|Miel
2005|4|Productos
2005|4|Despojos
2005|4|Carne
2005|4|Crustáceos
2005|4|Peces
2005|5|Moluscos
2005|5|Otros
2005|5|Pescado
2005|5|Carne
2005|5|Suero
2005|5|Crustáceos
2005|5|Caballos
2005|5|Despojos
2005|5|Filetes
2005|5|Miel
2005|5|Leche
2005|5|Quesos
2005|5|Huevos
2005|5|Productos
2005|5|Lactosuero
2005|5|Mantequilla
2005|5|Gallos
2005|6|Tocino
2005|6|Productos
2005|6|Leche
2005|6|Quesos
2005|6|Huevos
2005|6|Pescado
2005|6|Suero
2005|6|Caballos
2005|6|Moluscos
2005|6|Miel
2005|6|Otros
2005|6|Mantequilla
2005|6|Despojos
2005|6|Filetes
2005|6|Carne
2005|6|Lactosuero
2005|6|Gallos
2005|6|Crustáceos
2005|7|Crustáceos
2005|7|Otros
2005|7|Despojos
2005|7|Quesos
2005|7|Huevos
2005|7|Carne
2005|7|Leche
2005|7|Mantequilla
2005|7|Pescado
2005|7|Suero
2005|7|Coral
2005|7|Gallos
2005|7|Miel
2005|7|Ambar
2005|7|Lactosuero
2005|7|Animales
2005|7|Filetes
2005|7|Productos
2005|8|Caballos
2005|8|Mantequilla
2005|8|Pescado
2005|8|Moluscos
2005|8|Gallos
2005|8|Huevos
2005|8|Otros
2005|8|Quesos
2005|8|Suero
2005|8|Lactosuero
2005|8|Leche
2005|8|Despojos
2005|8|Filetes
2005|8|Productos
2005|8|Carne
2005|8|Miel
2005|8|Crustáceos
2005|9|Gallos
2005|9|Productos
2005|9|Moluscos
2005|9|Lactosuero
2005|9|Leche
2005|9|Despojos
2005|9|Caballos
2005|9|Suero
2005|9|Filetes
2005|9|Pescado
2005|9|Carne
2005|9|Quesos
2005|9|Crustáceos
2005|9|Tripas
2005|9|Otros
2005|9|Mantequilla
2005|9|Huevos
2005|9|Miel
2005|10|Leche
2005|10|Otros
2005|10|Huevos
2005|10|Las
2005|10|Crustáceos
2005|10|Moluscos
2005|10|Filetes
2005|10|Tripas
2005|10|Pescado
2005|10|Gallos
2005|10|Mantequilla
2005|10|Productos
2005|10|Carne
2005|10|Suero
2005|10|Miel
2005|10|Lactosuero
2005|10|Quesos
2005|11|Filetes
2005|11|Quesos
2005|11|Pescado
2005|11|Moluscos
2005|11|Lactosuero
2005|11|Miel
2005|11|Gallos
2005|11|Otros
2005|11|Carne
2005|11|Caballos
2005|11|Crustáceos
2005|11|Productos
2005|11|Leche
2005|11|Huevos
2005|11|Mantequilla
2005|11|Despojos
2005|11|Suero
2005|12|Crustáceos
2005|12|Miel
2005|12|Gallos
2005|12|Productos
2005|12|Quesos
2005|12|Leche
2005|12|Peces
2005|12|Moluscos
2005|12|Lactosuero
2005|12|Despojos
2005|12|Carne
2005|12|Mantequilla
2005|12|Pescado
2005|12|Caballos
2005|12|Suero
2005|12|Huevos
2005|12|Filetes
2006|1|Mantequilla
2006|1|Coral
2006|1|Quesos
2006|1|Gallos
2006|1|Huevos
2006|1|Crustáceos
2006|1|Despojos
2006|1|Suero
2006|1|Animales
2006|1|Lactosuero
2006|1|Otros
2006|1|Filetes
2006|1|Miel
2006|1|Peces
2006|1|Pescado
2006|1|Productos
2006|1|Carne
2006|1|Leche
2006|1|Moluscos
2006|2|Gallos
2006|2|Mantequilla
2006|2|Quesos
2006|2|Carne
2006|2|Lactosuero
2006|2|Pescado
2006|2|Suero
2006|2|Miel
2006|2|Animales
2006|2|Leche
2006|2|Filetes
2006|3|Huevos
2006|3|Otros
2006|3|Carne
2006|3|Lactosuero
2006|3|Pescado
2006|3|Gallos
2006|3|Peces
2006|3|Suero
2006|3|Miel
2006|3|Moluscos
2006|3|Leche
2006|3|Quesos
2006|3|Crustáceos
2006|3|Productos
2006|3|Mantequilla
2006|3|Filetes
2006|3|Tocino
2006|4|Quesos
2006|4|Lactosuero
2006|4|Filetes
2006|4|Carne
2006|4|Moluscos
2006|4|Miel
2006|4|Tripas
2006|4|Gallos
2006|4|Huevos
2006|4|Pescado
2006|4|Leche
2006|4|Suero
2006|4|Productos
2006|4|Crustáceos
2006|4|Peces
2006|4|Caballos
2006|4|Mantequilla
2006|5|Huevos
2006|5|Gallos
2006|5|Mantequilla
2006|5|Quesos
2006|5|Filetes
2006|5|Leche
2006|5|Pescado
2006|5|Otros
2006|5|Carne
2006|5|Productos
2006|5|Despojos
2006|5|Miel
2006|5|Lactosuero
2006|5|Suero
2006|6|Miel
2006|6|Despojos
2006|6|Filetes
2006|6|Productos
2006|6|Mantequilla
2006|6|Peces
2006|6|Gallos
2006|6|Quesos
2006|6|Leche
2006|6|Huevos
2006|6|Carne
2006|6|Animales
2006|6|Lactosuero
2006|6|Crustáceos
2006|6|Pescado
2006|6|Suero
2006|7|Gallos
2006|7|Despojos
2006|7|Huevos
2006|7|Carne
2006|7|Moluscos
2006|7|Leche
2006|7|Caballos
2006|7|Miel
2006|7|Suero
2006|7|Productos
2006|7|Lactosuero
2006|7|Pescado
2006|7|Filetes
2006|7|Otros
2006|7|Animales
2006|7|Quesos
2006|7|Mantequilla
2006|8|Productos
2006|8|Huevos
2006|8|Crustáceos
2006|8|Mantequilla
2006|8|Leche
2006|8|Tripas
2006|8|Moluscos
2006|8|Quesos
2006|8|Otros
2006|8|Gallos
2006|8|Miel
2006|8|Suero
2006|8|Filetes
2006|8|Pescado
2006|8|Carne
2006|8|Lactosuero
2006|9|Lactosuero
2006|9|Miel
2006|9|Despojos
2006|9|Moluscos
2006|9|Crustáceos
2006|9|Gallos
2006|9|Mantequilla
2006|9|Quesos
2006|9|Filetes
2006|9|Suero
2006|9|Huevos
2006|9|Leche
2006|9|Tripas
2006|9|Animales
2006|9|Pescado
2006|9|Carne
2006|9|Productos
2006|10|Crustáceos
2006|10|Huevos
2006|10|Leche
2006|10|Pescado
2006|10|Mantequilla
2006|10|Quesos
2006|10|Miel
2006|10|Carne
2006|10|Caballos
2006|10|Suero
2006|10|Otros
2006|10|Productos
2006|10|Animales
2006|10|Lactosuero
2006|10|Peces
2006|10|Gallos
2006|10|Ambar
2006|11|Miel
2006|11|Crustáceos
2006|11|Quesos
2006|11|Lactosuero
2006|11|Mantequilla
2006|11|Gallos
2006|11|Leche
2006|11|Huevos
2006|11|Pescado
2006|11|Caballos
2006|11|Suero
2006|11|Otros
2006|11|Carne
2006|11|Filetes
2006|11|Productos
2006|12|Filetes
2006|12|Moluscos
2006|12|Lactosuero
2006|12|Tripas
2006|12|Huevos
2006|12|Quesos
2006|12|Pescado
2006|12|Gallos
2006|12|Suero
2006|12|Mantequilla
2006|12|Crustáceos
2006|12|Carne
2006|12|Leche
2006|12|Animales
2006|12|Miel
2006|12|Productos
2007|1|Carne
2007|1|Gallos
2007|1|Mantequilla
2007|1|Peces
2007|1|Filetes
2007|1|Otros
2007|1|Quesos
2007|1|Productos
2007|1|Huevos
2007|1|Pieles
2007|1|Tripas
2007|1|Leche
2007|1|Pescado
2007|1|Suero
2007|2|Pescado
2007|2|Carne
2007|2|Quesos
2007|2|Animales
2007|2|Pieles
2007|2|Filetes
2007|2|Gallos
2007|2|Despojos
2007|2|Huevos
2007|2|Suero
2007|2|Miel
2007|2|Mantequilla
2007|2|Lactosuero
2007|2|Productos
2007|2|Leche
2007|2|Caballos
2007|3|Animales
2007|3|Crustáceos
2007|3|Huevos
2007|3|Filetes
2007|3|Caballos
2007|3|Mantequilla
2007|3|Productos
2007|3|Carne
2007|3|Gallos
2007|3|Otros
2007|3|Leche
2007|3|Pescado
2007|3|Miel
2007|3|Quesos
2007|3|Lactosuero
2007|3|Suero
2007|4|Quesos
2007|4|Gallos
2007|4|Crustáceos
2007|4|Moluscos
2007|4|Otros
2007|4|Pescado
2007|4|Leche
2007|4|Miel
2007|4|Tripas
2007|4|Productos
2007|4|Filetes
2007|4|Carne
2007|4|Lactosuero
2007|4|Mantequilla
2007|4|Suero
2007|5|Miel
2007|5|Pescado
2007|5|Mantequilla
2007|5|Gallos
2007|5|Productos
2007|5|Carne
2007|5|Filetes
2007|5|Huevos
2007|5|Lactosuero
2007|5|Despojos
2007|5|Suero
2007|5|Crustáceos
2007|5|Leche
2007|5|Peces
2007|5|Quesos
2007|5|Caballos
2007|6|Miel
2007|6|Huevos
2007|6|Quesos
2007|6|Leche
2007|6|Productos
2007|6|Gallos
2007|6|Mantequilla
2007|6|Suero
2007|6|Otros
2007|6|Lactosuero
2007|6|Carne
2007|6|Moluscos
2007|6|Pescado
2007|6|Tripas
2007|6|Filetes
2007|6|Animales
2007|6|Despojos
2007|7|Productos
2007|7|Carne
2007|7|Otros
2007|7|Lactosuero
2007|7|Leche
2007|7|Crustáceos
2007|7|Pescado
2007|7|Miel
2007|7|Quesos
2007|7|Gallos
2007|7|Mantequilla
2007|7|Despojos
2007|7|Suero
2007|7|Animales
2007|7|Filetes
2007|7|Huevos
2007|8|Moluscos
2007|8|Filetes
2007|8|Quesos
2007|8|Huevos
2007|8|Mantequilla
2007|8|Suero
2007|8|Lactosuero
2007|8|Otros
2007|8|Pescado
2007|8|Miel
2007|8|Crustáceos
2007|8|Animales
2007|8|Pieles
2007|8|Leche
2007|8|Despojos
2007|8|Gallos
2007|8|Productos
2007|8|Carne
2007|9|Lactosuero
2007|9|Carne
2007|9|Quesos
2007|9|Peces
2007|9|Leche
2007|9|Productos
2007|9|Suero
2007|9|Gallos
2007|9|Miel
2007|9|Filetes
2007|9|Pescado
2007|9|Huevos
2007|9|Mantequilla
2007|10|Leche
2007|10|Pescado
2007|10|Carne
2007|10|Filetes
2007|10|Mantequilla
2007|10|Quesos
2007|10|Despojos
2007|10|Moluscos
2007|10|Gallos
2007|10|Otros
2007|10|Suero
2007|10|Lactosuero
2007|10|Tocino
2007|10|Animales
2007|10|Miel
2007|10|Productos
2007|10|Huevos
2007|11|Moluscos
2007|11|Mantequilla
2007|11|Pescado
2007|11|Quesos
2007|11|Filetes
2007|11|Productos
2007|11|Miel
2007|11|Gallos
2007|11|Lactosuero
2007|11|Suero
2007|11|Huevos
2007|11|Carne
2007|11|Crustáceos
2007|11|Leche
2007|12|Otros
2007|12|Animales
2007|12|Suero
2007|12|Despojos
2007|12|Leche
2007|12|Mantequilla
2007|12|Huevos
2007|12|Carne
2007|12|Gallos
2007|12|Filetes
2007|12|Pescado
2007|12|Productos
2007|12|Quesos
2007|12|Crustáceos
2008|1|Otros
2008|1|Crustáceos
2008|1|Lactosuero
2008|1|Productos
2008|1|Carne
2008|1|Gallos
2008|1|Leche
2008|1|Miel
2008|1|Mantequilla
2008|1|Tripas
2008|1|Pescado
2008|1|Animales
2008|1|Quesos
2008|1|Suero
2008|2|Pescado
2008|2|Huevos
2008|2|Crustáceos
2008|2|Miel
2008|2|Moluscos
2008|2|Leche
2008|2|Productos
2008|2|Tripas
2008|2|Quesos
2008|2|Suero
2008|2|Mantequilla
2008|2|Carne
2008|2|Gallos
2008|2|Lactosuero
2008|2|Filetes
2008|3|Huevos
2008|3|Gallos
2008|3|Lactosuero
2008|3|Crustáceos
2008|3|Pescado
2008|3|Leche
2008|3|Carne
2008|3|Productos
2008|3|Quesos
2008|3|Filetes
2008|3|Mantequilla
2008|3|Suero
2008|3|Miel
2008|4|Moluscos
2008|4|Leche
2008|4|Miel
2008|4|Otros
2008|4|Productos
2008|4|Lactosuero
2008|4|Peces
2008|4|Carne
2008|4|Suero
2008|4|Animales
2008|4|Mantequilla
2008|4|Quesos
2008|4|Crustáceos
2008|4|Huevos
2008|4|Pieles
2008|4|Pescado
2008|4|Filetes
2008|4|Gallos
2008|5|Mantequilla
2008|5|Leche
2008|5|Huevos
2008|5|Quesos
2008|5|Moluscos
2008|5|Lactosuero
2008|5|Productos
2008|5|Pescado
2008|5|Suero
2008|5|Gallos
2008|5|Caballos
2008|5|Carne
2008|5|Filetes
2008|6|Mantequilla
2008|6|Huevos
2008|6|Suero
2008|6|Pescado
2008|6|Carne
2008|6|Tripas
2008|6|Gallos
2008|6|Otros
2008|6|Quesos
2008|6|Leche
2008|6|Productos
2008|6|Lactosuero
2008|7|Filetes
2008|7|Gallos
2008|7|Huevos
2008|7|Pieles
2008|7|Leche
2008|7|Mantequilla
2008|7|Moluscos
2008|7|Lactosuero
2008|7|Quesos
2008|7|Miel
2008|7|Crustáceos
2008|7|Animales
2008|7|Pescado
2008|7|Suero
2008|7|Otros
2008|7|Ambar
2008|8|Quesos
2008|8|Mantequilla
2008|8|Tripas
2008|8|Pieles
2008|8|Gallos
2008|8|Miel
2008|8|Lactosuero
2008|8|Pescado
2008|8|Otros
2008|8|Crustáceos
2008|8|Animales
2008|8|Suero
2008|8|Filetes
2008|8|Leche
2008|8|Moluscos
2008|8|Huevos
2008|8|Carne
2008|8|Productos
2008|9|Ambar
2008|9|Quesos
2008|9|Lactosuero
2008|9|Carne
2008|9|Miel
2008|9|Crustáceos
2008|9|Huevos
2008|9|Gallos
2008|9|Productos
2008|9|Tripas
2008|9|Suero
2008|9|Otros
2008|9|Pescado
2008|9|Leche
2008|9|Filetes
2008|10|Miel
2008|10|Carne
2008|10|Quesos
2008|10|Mantequilla
2008|10|Filetes
2008|10|Leche
2008|10|Gallos
2008|10|Lactosuero
2008|10|Pescado
2008|10|Huevos
2008|10|Suero
2008|10|Productos
2008|11|Lactosuero
2008|11|Otros
2008|11|Pescado
2008|11|Quesos
2008|11|Mantequilla
2008|11|Animales
2008|11|Carne
2008|11|Gallos
2008|11|Leche
2008|11|Peces
2008|11|Productos
2008|11|Filetes
2008|11|Miel
2008|11|Suero
2008|11|Huevos
2008|11|Moluscos
2008|12|Animales
2008|12|Huevos
2008|12|Quesos
2008|12|Mantequilla
2008|12|Gallos
2008|12|Caballos
2008|12|Otros
2008|12|Carne
2008|12|Filetes
2008|12|Lactosuero
2008|12|Leche
2008|12|Miel
2008|12|Pescado
2008|12|Suero
2008|12|Crustáceos
2009|1|Suero
2009|1|Quesos
2009|1|Leche
2009|1|Pescado
2009|1|Huevos
2009|1|Crustáceos
2009|1|Lactosuero
2009|1|Productos
2009|1|Gallos
2009|1|Carne
2009|1|Filetes
2009|1|Mantequilla
2009|2|Productos
2009|2|Cerdas
2009|2|Mantequilla
2009|2|Carne
2009|2|Quesos
2009|2|Caballos
2009|2|Gallos
2009|2|Animales
2009|2|Crustáceos
2009|2|Leche
2009|2|Huevos
2009|2|Pescado
2009|2|Suero
2009|2|Lactosuero
2009|3|Productos
2009|3|Mantequilla
2009|3|Animales
2009|3|Miel
2009|3|Pescado
2009|3|Huevos
2009|3|Gallos
2009|3|Filetes
2009|3|Lactosuero
2009|3|Suero
2009|3|Peces
2009|3|Carne
2009|3|Quesos
2009|3|Leche
2009|4|Leche
2009|4|Carne
2009|4|Tripas
2009|4|Filetes
2009|4|Crustáceos
2009|4|Moluscos
2009|4|Mantequilla
2009|4|Animales
2009|4|Caballos
2009|4|Gallos
2009|4|Miel
2009|4|Pescado
2009|4|Huevos
2009|4|Productos
2009|4|Suero
2009|4|Quesos
2009|4|Lactosuero
2009|5|Pescado
2009|5|Huevos
2009|5|Quesos
2009|5|Mantequilla
2009|5|Gallos
2009|5|Leche
2009|5|Crustáceos
2009|5|Miel
2009|5|Productos
2009|5|Suero
2009|5|Carne
2009|5|Animales
2009|5|Lactosuero
2009|5|Otros
2009|6|Mantequilla
2009|6|Pescado
2009|6|Otros
2009|6|Leche
2009|6|Huevos
2009|6|Lactosuero
2009|6|Productos
2009|6|Gallos
2009|6|Quesos
2009|6|Crustáceos
2009|6|Carne
2009|6|Animales
2009|6|Filetes
2009|6|Suero
2009|7|Otros
2009|7|Gallos
2009|7|Suero
2009|7|Filetes
2009|7|Quesos
2009|7|Leche
2009|7|Crustáceos
2009|7|Huevos
2009|7|Pescado
2009|7|Lactosuero
2009|7|Miel
2009|7|Mantequilla
2009|7|Carne
2009|7|Productos
2009|7|Moluscos
2009|8|Filetes
2009|8|Mantequilla
2009|8|Crustáceos
2009|8|Animales
2009|8|Lactosuero
2009|8|Quesos
2009|8|Carne
2009|8|Huevos
2009|8|Miel
2009|8|Tocino
2009|8|Otros
2009|8|Pescado
2009|8|Gallos
2009|8|Suero
2009|8|Leche
2009|9|Suero
2009|9|Mantequilla
2009|9|Gallos
2009|9|Filetes
2009|9|Huevos
2009|9|Carne
2009|9|Animales
2009|9|Otros
2009|9|Quesos
2009|9|Pescado
2009|9|Leche
2009|9|Miel
2009|9|Lactosuero
2009|9|Productos
2009|10|Tripas
2009|10|Huevos
2009|10|Otros
2009|10|Carne
2009|10|Filetes
2009|10|Lactosuero
2009|10|Las
2009|10|Productos
2009|10|Animales
2009|10|Leche
2009|10|Quesos
2009|10|Mantequilla
2009|10|Pescado
2009|10|Suero
2009|10|Gallos
2009|11|Leche
2009|11|Mantequilla
2009|11|Otros
2009|11|Caballos
2009|11|Carne
2009|11|Miel
2009|11|Gallos
2009|11|Pescado
2009|11|Moluscos
2009|11|Filetes
2009|11|Quesos
2009|11|Crustáceos
2009|11|Huevos
2009|11|Animales
2009|11|Suero
2009|11|Lactosuero
2009|12|Leche
2009|12|Crustáceos
2009|12|Mantequilla
2009|12|Miel
2009|12|Huevos
2009|12|Gallos
2009|12|Carne
2009|12|Otros
2009|12|Pescado
2009|12|Animales
2009|12|Filetes
2009|12|Productos
2009|12|Quesos
2009|12|Suero
2009|12|Lactosuero
2010|1|Pescado
2010|1|Productos
2010|1|Huevos
2010|1|Animales
2010|1|Carne
2010|1|Quesos
2010|1|Suero
2010|1|Miel
2010|1|Tripas
2010|1|Gallos
2010|1|Crustáceos
2010|1|Lactosuero
2010|1|Mantequilla
2010|1|Leche
2010|1|Peces
2010|2|Suero
2010|2|Huevos
2010|2|Otros
2010|2|Crustáceos
2010|2|Quesos
2010|2|Lactosuero
2010|2|Animales
2010|2|Miel
2010|2|Leche
2010|2|Pescado
2010|2|Filetes
2010|2|Moluscos
2010|2|Tocino
2010|2|Gallos
2010|2|Carne
2010|2|Mantequilla
2010|2|Productos
2010|3|Moluscos
2010|3|Gallos
2010|3|Carne
2010|3|Quesos
2010|3|Pescado
2010|3|Mantequilla
2010|3|Otros
2010|3|Lactosuero
2010|3|Suero
2010|3|Productos
2010|3|Tripas
2010|3|Huevos
2010|3|Leche
2010|3|Filetes
2010|3|Miel
2010|4|Mantequilla
2010|4|Filetes
2010|4|Carne
2010|4|Otros
2010|4|Suero
2010|4|Animales
2010|4|Moluscos
2010|4|Pescado
2010|4|Gallos
2010|4|Leche
2010|4|Crustáceos
2010|4|Miel
2010|4|Lactosuero
2010|4|Productos
2010|4|Quesos
2010|5|Quesos
2010|5|Gallos
2010|5|Lactosuero
2010|5|Productos
2010|5|Mantequilla
2010|5|Tripas
2010|5|Pescado
2010|5|Miel
2010|5|Filetes
2010|5|Moluscos
2010|5|Leche
2010|5|Carne
2010|5|Huevos
2010|5|Crustáceos
2010|5|Suero
2010|5|Despojos
2010|6|Gallos
2010|6|Carne
2010|6|Tripas
2010|6|Mantequilla
2010|6|Pescado
2010|6|Lactosuero
2010|6|Suero
2010|6|Moluscos
2010|6|Productos
2010|6|Otros
2010|6|Leche
2010|6|Miel
2010|6|Animales
2010|6|Quesos
2010|6|Crustáceos
2010|6|Huevos
2010|7|Carne
2010|7|Productos
2010|7|Mantequilla
2010|7|Pescado
2010|7|Quesos
2010|7|Crustáceos
2010|7|Miel
2010|7|Lactosuero
2010|7|Leche
2010|7|Suero
2010|7|Gallos
2010|7|Huevos
2010|8|Crustáceos
2010|8|Mantequilla
2010|8|Huevos
2010|8|Gallos
2010|8|Filetes
2010|8|Miel
2010|8|Tripas
2010|8|Otros
2010|8|Productos
2010|8|Leche
2010|8|Carne
2010|8|Quesos
2010|8|Lactosuero
2010|8|Pescado
2010|8|Suero
2010|9|Leche
2010|9|Carne
2010|9|Lactosuero
2010|9|Mantequilla
2010|9|Suero
2010|9|Miel
2010|9|Otros
2010|9|Quesos
2010|9|Crustáceos
2010|9|Gallos
2010|9|Animales
2010|9|Pescado
2010|9|Filetes
2010|9|Huevos
2010|10|Pescado
2010|10|Huevos
2010|10|Productos
2010|10|Miel
2010|10|Lactosuero
2010|10|Animales
2010|10|Carne
2010|10|Quesos
2010|10|Tripas
2010|10|Otros
2010|10|Leche
2010|10|Moluscos
2010|10|Pieles
2010|10|Gallos
2010|10|Suero
2010|10|Filetes
2010|10|Mantequilla
2010|11|Crustáceos
2010|11|Productos
2010|11|Leche
2010|11|Animales
2010|11|Gallos
2010|11|Carne
2010|11|Suero
2010|11|Huevos
2010|11|Pescado
2010|11|Quesos
2010|11|Moluscos
2010|11|Peces
2010|11|Otros
2010|11|Mantequilla
2010|11|Tripas
2010|11|Miel
2010|11|Lactosuero
2010|12|Moluscos
2010|12|Suero
2010|12|Huevos
2010|12|Filetes
2010|12|Leche
2010|12|Mantequilla
2010|12|Quesos
2010|12|Carne
2010|12|Despojos
2010|12|Productos
2010|12|Animales
2010|12|Tripas
2010|12|Pescado
2010|12|Gallos
2010|12|Otros
2010|12|Lactosuero
2010|12|Crustáceos
2011|1|Mantequilla
2011|1|Crustáceos
2011|1|Quesos
2011|1|Suero
2011|1|Filetes
2011|1|Huevos
2011|1|Leche
2011|1|Pescado
2011|1|Lactosuero
2011|1|Productos
2011|1|Carne
2011|1|Miel
2011|1|Tocino
2011|1|Gallos
2011|1|Animales
2011|1|Otros
2011|2|Huevos
2011|2|Productos
2011|2|Carne
2011|2|Leche
2011|2|Gallos
2011|2|Pescado
2011|2|Mantequilla
2011|2|Filetes
2011|2|Suero
2011|2|Quesos
2011|2|Otros
2011|2|Peces
2011|2|Crustáceos
2011|2|Lactosuero
2011|3|Quesos
2011|3|Animales
2011|3|Suero
2011|3|Productos
2011|3|Pescado
2011|3|Gallos
2011|3|Huevos
2011|3|Leche
2011|3|Carne
2011|3|Lactosuero
2011|3|Miel
2011|3|Otros
2011|3|Filetes
2011|3|Crustáceos
2011|3|Mantequilla
2011|3|Tripas
2011|4|Miel
2011|4|Lactosuero
2011|4|Carne
2011|4|Crustáceos
2011|4|Leche
2011|4|Gallos
2011|4|Moluscos
2011|4|Huevos
2011|4|Mantequilla
2011|4|Pescado
2011|4|Otros
2011|4|Quesos
2011|4|Suero
2011|4|Productos
2011|4|Tripas
2011|4|Filetes
2011|5|Huevos
2011|5|Quesos
2011|5|Leche
2011|5|Productos
2011|5|Lactosuero
2011|5|Tocino
2011|5|Carne
2011|5|Miel
2011|5|Suero
2011|5|Mantequilla
2011|5|Tripas
2011|5|Pescado
2011|5|Crustáceos
2011|5|Gallos
2011|5|Filetes
2011|5|Moluscos
2011|6|Productos
2011|6|Tripas
2011|6|Lactosuero
2011|6|Gallos
2011|6|Suero
2011|6|Mantequilla
2011|6|Quesos
2011|6|Pescado
2011|6|Carne
2011|6|Filetes
2011|6|Miel
2011|6|Despojos
2011|6|Otros
2011|6|Tocino
2011|6|Huevos
2011|6|Leche
2011|6|Animales
2011|7|Quesos
2011|7|Productos
2011|7|Pescado
2011|7|Miel
2011|7|Suero
2011|7|Gallos
2011|7|Huevos
2011|7|Mantequilla
2011|7|Otros
2011|7|Leche
2011|7|Tocino
2011|7|Carne
2011|7|Filetes
2011|7|Lactosuero
2011|8|Otros
2011|8|Miel
2011|8|Gallos
2011|8|Tocino
2011|8|Pescado
2011|8|Carne
2011|8|Mantequilla
2011|8|Huevos
2011|8|Pieles
2011|8|Suero
2011|8|Crustáceos
2011|8|Productos
2011|8|Leche
2011|8|Lactosuero
2011|8|Peces
2011|8|Quesos
2011|8|Tripas
2011|9|Productos
2011|9|Miel
2011|9|Lactosuero
2011|9|Moluscos
2011|9|Quesos
2011|9|Mantequilla
2011|9|Gallos
2011|9|Otros
2011|9|Suero
2011|9|Leche
2011|9|Tocino
2011|9|Animales
2011|9|Pescado
2011|9|Tripas
2011|9|Huevos
2011|10|Suero
2011|10|Crustáceos
2011|10|Mantequilla
2011|10|Animales
2011|10|Filetes
2011|10|Tripas
2011|10|Pescado
2011|10|Quesos
2011|10|Lactosuero
2011|10|Miel
2011|10|Productos
2011|10|Gallos
2011|10|Leche
2011|10|Huevos
2011|10|Carne
2011|10|Otros
2011|11|Animales
2011|11|Quesos
2011|11|Filetes
2011|11|Leche
2011|11|Lactosuero
2011|11|Huevos
2011|11|Tripas
2011|11|Miel
2011|11|Tocino
2011|11|Pescado
2011|11|Otros
2011|11|Mantequilla
2011|11|Las
2011|11|Suero
2011|11|Gallos
2011|11|Productos
2011|11|Crustáceos
2011|11|Carne
2011|11|Moluscos
2011|12|Mantequilla
2011|12|Suero
2011|12|Animales
2011|12|Leche
2011|12|Peces
2011|12|Productos
2011|12|Quesos
2011|12|Huevos
2011|12|Pescado
2011|12|Tocino
2011|12|Crustáceos
2011|12|Lactosuero
2011|12|Filetes
2011|12|Otros
2011|12|Miel
2011|12|Carne
2011|12|Moluscos
2011|12|Gallos
2011|12|Caballos
2012|1|Tocino
2012|1|Suero
2012|1|Animales
2012|1|Crustáceos
2012|1|Miel
2012|1|Mantequilla
2012|1|Huevos
2012|1|Productos
2012|1|Pescado
2012|1|Otros
2012|1|Carne
2012|1|Gallos
2012|1|Tripas
2012|1|Leche
2012|1|Moluscos
2012|1|Lactosuero
2012|1|Quesos
2012|2|Carne
2012|2|Quesos
2012|2|Otros
2012|2|Moluscos
2012|2|Suero
2012|2|Huevos
2012|2|Animales
2012|2|Lactosuero
2012|2|Caballos
2012|2|Pescado
2012|2|Mantequilla
2012|2|Productos
2012|2|Gallos
2012|2|Leche
2012|2|Filetes
2012|2|Miel
2012|3|Lactosuero
2012|3|Quesos
2012|3|Tocino
2012|3|Mantequilla
2012|3|Huevos
2012|3|Otros
2012|3|Productos
2012|3|Crustáceos
2012|3|Suero
2012|3|Moluscos
2012|3|Carne
2012|3|Pescado
2012|3|Tripas
2012|3|Leche
2012|3|Animales
2012|3|Gallos
2012|3|Filetes
2012|3|Peces
2012|4|Suero
2012|4|Miel
2012|4|Filetes
2012|4|Leche
2012|4|Tocino
2012|4|Lactosuero
2012|4|Otros
2012|4|Moluscos
2012|4|Productos
2012|4|Huevos
2012|4|Carne
2012|4|Animales
2012|4|Gallos
2012|4|Quesos
2012|4|Crustáceos
2012|4|Pescado
2012|4|Mantequilla
2012|5|Tripas
2012|5|Huevos
2012|5|Tocino
2012|5|Crustáceos
2012|5|Leche
2012|5|Gallos
2012|5|Suero
2012|5|Lactosuero
2012|5|Miel
2012|5|Pescado
2012|5|Mantequilla
2012|5|Animales
2012|5|Filetes
2012|5|Productos
2012|5|Carne
2012|5|Moluscos
2012|5|Quesos
2012|6|Suero
2012|6|Miel
2012|6|Pescado
2012|6|Animales
2012|6|Quesos
2012|6|Filetes
2012|6|Productos
2012|6|Leche
2012|6|Lactosuero
2012|6|Carne
2012|6|Moluscos
2012|6|Huevos
2012|6|Mantequilla
2012|6|Gallos
2012|6|Otros
2012|6|Crustáceos
2012|7|Leche
2012|7|Moluscos
2012|7|Filetes
2012|7|Gallos
2012|7|Suero
2012|7|Otros
2012|7|Animales
2012|7|Productos
2012|7|Tocino
2012|7|Lactosuero
2012|7|Miel
2012|7|Huevos
2012|7|Mantequilla
2012|7|Pescado
2012|7|Crustáceos
2012|7|Carne
2012|7|Las
2012|7|Quesos
2012|8|Quesos
2012|8|Tripas
2012|8|Mantequilla
2012|8|Filetes
2012|8|Leche
2012|8|Huevos
2012|8|Lactosuero
2012|8|Gallos
2012|8|Crustáceos
2012|8|Carne
2012|8|Suero
2012|8|Pescado
2012|8|Moluscos
2012|8|Productos
2012|8|Otros
2012|8|Miel
2012|8|Animales
2012|9|Productos
2012|9|Gallos
2012|9|Tripas
2012|9|Miel
2012|9|Moluscos
2012|9|Carne
2012|9|Quesos
2012|9|Pescado
2012|9|Despojos
2012|9|Tocino
2012|9|Leche
2012|9|Lactosuero
2012|9|Huevos
2012|9|Otros
2012|9|Mantequilla
2012|9|Filetes
2012|9|Suero
2012|10|Suero
2012|10|Gallos
2012|10|Huevos
2012|10|Filetes
2012|10|Quesos
2012|10|Mantequilla
2012|10|Miel
2012|10|Animales
2012|10|Lactosuero
2012|10|Productos
2012|10|Pescado
2012|10|Moluscos
2012|10|Carne
2012|10|Crustáceos
2012|10|Leche
2012|11|Huevos
2012|11|Gallos
2012|11|Lactosuero
2012|11|Peces
2012|11|Filetes
2012|11|Caballos
2012|11|Tripas
2012|11|Productos
2012|11|Crustáceos
2012|11|Quesos
2012|11|Moluscos
2012|11|Animales
2012|11|Carne
2012|11|Mantequilla
2012|11|Suero
2012|11|Pescado
2012|11|Leche
2012|11|Miel
2012|12|Moluscos
2012|12|Pescado
2012|12|Peces
2012|12|Quesos
2012|12|Leche
2012|12|Mantequilla
2012|12|Suero
2012|12|Productos
2012|12|Animales
2012|12|Filetes
2012|12|Carne
2012|12|Crustáceos
2012|12|Huevos
2012|12|Gallos
2012|12|Miel
2013|1|Productos
2013|1|Huevos
2013|1|Mantequilla
2013|1|Tocino
2013|1|Otros
2013|1|Leche
2013|1|Lactosuero
2013|1|Suero
2013|1|Gallos
2013|1|Moluscos
2013|1|Miel
2013|1|Carne
2013|1|Filetes
2013|1|Animales
2013|1|Crustáceos
2013|1|Pescado
2013|1|Quesos
2013|2|Moluscos
2013|2|Pescado
2013|2|Leche
2013|2|Filetes
2013|2|Suero
2013|2|Crustáceos
2013|2|Carne
2013|2|Quesos
2013|2|Miel
2013|2|Animales
2013|2|Productos
2013|2|Caballos
2013|2|Otros
2013|2|Tripas
2013|2|Gallos
2013|2|Lactosuero
2013|2|Mantequilla
2013|2|Huevos
2013|3|Mantequilla
2013|3|Quesos
2013|3|Invertebrados
2013|3|Productos
2013|3|Moluscos
2013|3|Filetes
2013|3|Gallos
2013|3|Animales
2013|3|Pescado
2013|3|Tripas
2013|3|Miel
2013|3|Caballos
2013|3|Huevos
2013|3|Lactosuero
2013|3|Leche
2013|3|Crustáceos
2013|3|Otros
2013|3|Suero
2013|3|Carne
2013|4|Leche
2013|4|Productos
2013|4|Moluscos
2013|4|Gallos
2013|4|Huevos
2013|4|Quesos
2013|4|Mantequilla
2013|4|Lactosuero
2013|4|Tocino
2013|4|Tripas
2013|4|Suero
2013|4|Filetes
2013|4|Crustáceos
2013|4|Animales
2013|4|Carne
2013|4|Pescado
2013|4|Miel
2013|5|Despojos
2013|5|Huevos
2013|5|Miel
2013|5|Moluscos
2013|5|Gallos
2013|5|Filetes
2013|5|Suero
2013|5|Carne
2013|5|Otros
2013|5|Mantequilla
2013|5|Animales
2013|5|Lactosuero
2013|5|Pescado
2013|5|Productos
2013|5|Crustáceos
2013|5|Leche
2013|5|Quesos
2013|6|Mantequilla
2013|6|Pescado
2013|6|Otros
2013|6|Carne
2013|6|Caballos
2013|6|Gallos
2013|6|Moluscos
2013|6|Leche
2013|6|Lactosuero
2013|6|Huevos
2013|6|Suero
2013|6|Crustáceos
2013|6|Filetes
2013|6|Productos
2013|6|Animales
2013|6|Quesos
2013|6|Tripas
2013|6|Miel
2013|7|Mantequilla
2013|7|Moluscos
2013|7|Otros
2013|7|Las
2013|7|Quesos
2013|7|Lactosuero
2013|7|Tocino
2013|7|Leche
2013|7|Gallos
2013|7|Huevos
2013|7|Productos
2013|7|Filetes
2013|7|Pescado
2013|7|Crustáceos
2013|7|Carne
2013|7|Animales
2013|7|Suero
2013|8|Gallos
2013|8|Mantequilla
2013|8|Huevos
2013|8|Lactosuero
2013|8|Moluscos
2013|8|Filetes
2013|8|Carne
2013|8|Quesos
2013|8|Miel
2013|8|Productos
2013|8|Despojos
2013|8|Otros
2013|8|Leche
2013|8|Tripas
2013|8|Pescado
2013|8|Suero
2013|8|Crustáceos
2013|9|Peces
2013|9|Miel
2013|9|Lactosuero
2013|9|Animales
2013|9|Gallos
2013|9|Carne
2013|9|Crustáceos
2013|9|Suero
2013|9|Filetes
2013|9|Mantequilla
2013|9|Productos
2013|9|Pescado
2013|9|Tripas
2013|9|Moluscos
2013|9|Otros
2013|9|Huevos
2013|9|Leche
2013|9|Quesos
2013|10|Moluscos
2013|10|Huevos
2013|10|Filetes
2013|10|Mantequilla
2013|10|Crustáceos
2013|10|Peces
2013|10|Suero
2013|10|Miel
2013|10|Pescado
2013|10|Productos
2013|10|Carne
2013|10|Quesos
2013|10|Leche
2013|10|Gallos
2013|10|Otros
2013|10|Caballos
2013|11|Mantequilla
2013|11|Filetes
2013|11|Tripas
2013|11|Miel
2013|11|Carne
2013|11|Gallos
2013|11|Lactosuero
2013|11|Suero
2013|11|Quesos
2013|11|Pescado
2013|11|Despojos
2013|11|Leche
2013|11|Huevos
2013|11|Tocino
2013|11|Crustáceos
2013|11|Otros
2013|12|Gallos
2013|12|Huevos
2013|12|Quesos
2013|12|Moluscos
2013|12|Carne
2013|12|Lactosuero
2013|12|Suero
2013|12|Filetes
2013|12|Otros
2013|12|Productos
2013|12|Crustáceos
2013|12|Peces
2013|12|Leche
2013|12|Miel
2013|12|Animales
2013|12|Caballos
2013|12|Mantequilla
2013|12|Pescado
2015|1|Huevos
2015|1|Peces
2015|1|Caballos
2015|1|Despojos
2015|1|Crustáceos
2015|1|Pescado
2015|1|Suero
2015|1|Otros
2015|1|Miel
2015|1|Lactosuero
2015|1|Gallos
2015|1|Mantequilla
2015|1|Tocino
2015|1|Quesos
2015|1|Moluscos
2015|1|Carne
2015|1|Tripas
2015|1|Filetes
2015|1|Leche
2015|2|Pescado
2015|2|Crustáceos
2015|2|Suero
2015|2|Peces
2015|2|Leche
2015|2|Productos
2015|2|Filetes
2015|2|Carne
2015|2|Otros
2015|2|Animales
2015|2|Moluscos
2015|2|Mantequilla
2015|2|Gallos
2015|2|Huevos
2015|2|Quesos
2015|2|Lactosuero
2015|2|Miel
2015|2|Tocino
2015|3|Carne
2015|3|Huevos
2015|3|Otros
2015|3|Suero
2015|3|Leche
2015|3|Pescado
2015|3|Moluscos
2015|3|Lactosuero
2015|3|Tripas
2015|3|Mantequilla
2015|3|Crustáceos
2015|3|Gallos
2015|3|Miel
2015|3|Quesos
2015|3|Productos
2015|3|Tocino
2015|3|Filetes
2015|3|Caballos
2015|4|Quesos
2015|4|Pescado
2015|4|Lactosuero
2015|4|Carne
2015|4|Leche
2015|4|Mantequilla
2015|4|Crustáceos
2015|4|Huevos
2015|4|Productos
2015|4|Caballos
2015|4|Filetes
2015|4|Tocino
2015|4|Gallos
2015|4|Animales
2015|4|Otros
2015|4|Peces
2015|4|Suero
2015|5|Gallos
2015|5|Lactosuero
2015|5|Pescado
2015|5|Huevos
2015|5|Otros
2015|5|Productos
2015|5|Mantequilla
2015|5|Quesos
2015|5|Suero
2015|5|Peces
2015|5|Carne
2015|5|Crustáceos
2015|5|Leche
2015|5|Moluscos
2015|5|Filetes
2015|6|Tocino
2015|6|Carne
2015|6|Mantequilla
2015|6|Huevos
2015|6|Otros
2015|6|Filetes
2015|6|Moluscos
2015|6|Peces
2015|6|Suero
2015|6|Gallos
2015|6|Leche
2015|6|Tripas
2015|6|Crustáceos
2015|6|Pescado
2015|6|Quesos
2015|6|Productos
2015|6|Lactosuero
2015|6|Miel
2015|7|Carne
2015|7|Crustáceos
2015|7|Mantequilla
2015|7|Despojos
2015|7|Otros
2015|7|Leche
2015|7|Pescado
2015|7|Productos
2015|7|Quesos
2015|7|Moluscos
2015|7|Suero
2015|7|Huevos
2015|7|Lactosuero
2015|7|Filetes
2015|7|Gallos
2015|8|Pescado
2015|8|Gallos
2015|8|Moluscos
2015|8|Filetes
2015|8|Carne
2015|8|Mantequilla
2015|8|Otros
2015|8|Huevos
2015|8|Leche
2015|8|Crustáceos
2015|8|Productos
2015|8|Tripas
2015|8|Suero
2015|8|Tocino
2015|8|Lactosuero
2015|8|Quesos
2015|8|Miel
2015|9|Caballos
2015|9|Filetes
2015|9|Moluscos
2015|9|Otros
2015|9|Carne
2015|9|Pescado
2015|9|Crustáceos
2015|9|Miel
2015|9|Gallos
2015|9|Mantequilla
2015|9|Huevos
2015|9|Suero
2015|9|Leche
2015|9|Peces
2015|9|Lactosuero
2015|9|Quesos
2015|10|Leche
2015|10|Filetes
2015|10|Moluscos
2015|10|Crustáceos
2015|10|Productos
2015|10|Suero
2015|10|Huevos
2015|10|Pieles
2015|10|Pescado
2015|10|Quesos
2015|10|Carne
2015|10|Mantequilla
2015|10|Lactosuero
2015|10|Gallos
2015|10|Otros
2015|11|Carne
2015|11|Miel
2015|11|Gallos
2015|11|Filetes
2015|11|Quesos
2015|11|Huevos
2015|11|Otros
2015|11|Tripas
2015|11|Pescado
2015|11|Crustáceos
2015|11|Moluscos
2015|11|Lactosuero
2015|11|Suero
2015|11|Mantequilla
2015|11|Productos
2015|11|Leche
2015|12|Tocino
2015|12|Despojos
2015|12|Suero
2015|12|Peces
2015|12|Moluscos
2015|12|Leche
2015|12|Animales
2015|12|Crustáceos
2015|12|Gallos
2015|12|Lactosuero
2015|12|Quesos
2015|12|Pieles
2015|12|Carne
2015|12|Huevos
2015|12|Filetes
2015|12|Mantequilla
2015|12|Productos
2015|12|Pescado
2015|12|Otros
2016|1|Carne
2016|1|Despojos
2016|1|Otros
2016|1|Tocino
2016|1|Gallos
2016|1|Productos
2016|1|Miel
2016|1|Pescado
2016|1|Animales
2016|1|Crustáceos
2016|1|Quesos
2016|1|Mantequilla
2016|1|Suero
2016|1|Huevos
2016|1|Filetes
2016|1|Leche
2016|1|Moluscos
2016|1|Lactosuero
2016|2|Moluscos
2016|2|Filetes
2016|2|Pescado
2016|2|Suero
2016|2|Tocino
2016|2|Leche
2016|2|Miel
2016|2|Huevos
2016|2|Gallos
2016|2|Animales
2016|2|Otros
2016|2|Mantequilla
2016|2|Crustáceos
2016|2|Peces
2016|2|Carne
2016|2|Quesos
2016|2|Ambar
2016|2|Productos
2016|2|Lactosuero
2016|3|Quesos
2016|3|Tocino
2016|3|Productos
2016|3|Lactosuero
2016|3|Huevos
2016|3|Mantequilla
2016|3|Otros
2016|3|Animales
2016|3|Pescado
2016|3|Gallos
2016|3|Moluscos
2016|3|Leche
2016|3|Miel
2016|3|Carne
2016|3|Crustáceos
2016|3|Filetes
2016|3|Peces
2016|3|Suero
2016|3|Tripas
2016|4|Otros
2016|4|Pescado
2016|4|Filetes
2016|4|Quesos
2016|4|Crustáceos
2016|4|Suero
2016|4|Huevos
2016|4|Productos
2016|4|Lactosuero
2016|4|Animales
2016|4|Moluscos
2016|4|Mantequilla
2016|4|Gallos
2016|4|Miel
2016|4|Carne
2016|4|Caballos
2016|4|Leche
2016|5|Lactosuero
2016|5|Tocino
2016|5|Leche
2016|5|Moluscos
2016|5|Gallos
2016|5|Peces
2016|5|Suero
2016|5|Carne
2016|5|Quesos
2016|5|Mantequilla
2016|5|Animales
2016|5|Tripas
2016|5|Filetes
2016|5|Pescado
2016|5|Huevos
2016|5|Crustáceos
2016|5|Productos
2016|6|Suero
2016|6|Leche
2016|6|Miel
2016|6|Quesos
2016|6|Despojos
2016|6|Tocino
2016|6|Gallos
2016|6|Filetes
2016|6|Crustáceos
2016|6|Lactosuero
2016|6|Otros
2016|6|Pescado
2016|6|Mantequilla
2016|6|Huevos
2016|6|Carne
2016|6|Moluscos
2016|6|Productos
2016|7|Gallos
2016|7|Lactosuero
2016|7|Crustáceos
2016|7|Otros
2016|7|Suero
2016|7|Tocino
2016|7|Quesos
2016|7|Moluscos
2016|7|Mantequilla
2016|7|Carne
2016|7|Tripas
2016|7|Filetes
2016|7|Pescado
2016|7|Productos
2016|7|Leche
2016|7|Miel
2016|7|Huevos
2016|8|Peces
2016|8|Gallos
2016|8|Productos
2016|8|Lactosuero
2016|8|Otros
2016|8|Caballos
2016|8|Quesos
2016|8|Miel
2016|8|Pescado
2016|8|Mantequilla
2016|8|Carne
2016|8|Filetes
2016|8|Crustáceos
2016|8|Tocino
2016|8|Suero
2016|8|Leche
2016|8|Moluscos
2016|8|Huevos
2016|9|Crustáceos
2016|9|Filetes
2016|9|Tripas
2016|9|Leche
2016|9|Tocino
2016|9|Peces
2016|9|Quesos
2016|9|Pescado
2016|9|Productos
2016|9|Carne
2016|9|Miel
2016|9|Lactosuero
2016|9|Gallos
2016|9|Mantequilla
2016|9|Moluscos
2016|9|Huevos
2016|9|Animales
2016|9|Suero
2016|9|Otros
2016|10|Peces
2016|10|Quesos
2016|10|Miel
2016|10|Pescado
2016|10|Caballos
2016|10|Animales
2016|10|Mantequilla
2016|10|Tocino
2016|10|Lactosuero
2016|10|Filetes
2016|10|Carne
2016|10|Suero
2016|10|Crustáceos
2016|10|Gallos
2016|10|Leche
2016|10|Productos
2016|10|Despojos
2016|10|Moluscos
2016|10|Otros
2016|10|Huevos
2016|11|Animales
2016|11|Peces
2016|11|Huevos
2016|11|Mantequilla
2016|11|Despojos
2016|11|Quesos
2016|11|Gallos
2016|11|Caballos
2016|11|Tocino
2016|11|Leche
2016|11|Otros
2016|11|Filetes
2016|11|Productos
2016|11|Crustáceos
2016|11|Miel
2016|11|Moluscos
2016|11|Carne
2016|11|Suero
2016|11|Lactosuero
2016|11|Pescado
2016|12|Gallos
2016|12|Leche
2016|12|Otros
2016|12|Huevos
2016|12|Productos
2016|12|Quesos
2016|12|Moluscos
2016|12|Suero
2016|12|Miel
2016|12|Mantequilla
2016|12|Carne
2016|12|Crustáceos
2016|12|Filetes
2016|12|Pescado
2016|12|Lactosuero
2017|1|Tocino
2017|1|Leche
2017|1|Crustáceos
2017|1|Quesos
2017|1|Otros
2017|1|Lactosuero
2017|1|Huevos
2017|1|Productos
2017|1|Pescado
2017|1|Carne
2017|1|Filetes
2017|1|Tripas
2017|1|Suero
2017|1|Mantequilla
2017|1|Moluscos
2017|1|Animales
2017|1|Gallos
2017|1|Miel
2017|1|Despojos
2017|2|Despojos
2017|2|Tocino
2017|2|Pescado
2017|2|Filetes
2017|2|Leche
2017|2|Animales
2017|2|Suero
2017|2|Miel
2017|2|Huevos
2017|2|Quesos
2017|2|Crustáceos
2017|2|Moluscos
2017|2|Carne
2017|2|Mantequilla
2017|2|Otros
2017|2|Gallos
2017|2|Productos
2017|2|Lactosuero
2017|3|Caballos
2017|3|Moluscos
2017|3|Miel
2017|3|Otros
2017|3|Carne
2017|3|Suero
2017|3|Lactosuero
2017|3|Gallos
2017|3|Leche
2017|3|Mantequilla
2017|3|Pescado
2017|3|Huevos
2017|3|Productos
2017|3|Quesos
2017|3|Animales
2017|3|Crustáceos
2017|3|Filetes
2017|4|Suero
2017|4|Quesos
2017|4|Mantequilla
2017|4|Filetes
2017|4|Huevos
2017|4|Pescado
2017|4|Moluscos
2017|4|Leche
2017|4|Caballos
2017|4|Crustáceos
2017|4|Tocino
2017|4|Carne
2017|4|Lactosuero
2017|4|Otros
2017|4|Gallos
2017|4|Productos
2017|5|Productos
2017|5|Quesos
2017|5|Huevos
2017|5|Gallos
2017|5|Tocino
2017|5|Filetes
2017|5|Miel
2017|5|Animales
2017|5|Pescado
2017|5|Leche
2017|5|Moluscos
2017|5|Otros
2017|5|Lactosuero
2017|5|Carne
2017|5|Mantequilla
2017|5|Crustáceos
2017|5|Peces
2017|5|Suero
2017|6|Despojos
2017|6|Huevos
2017|6|Carne
2017|6|Animales
2017|6|Tocino
2017|6|Tripas
2017|6|Filetes
2017|6|Quesos
2017|6|Suero
2017|6|Gallos
2017|6|Crustáceos
2017|6|Moluscos
2017|6|Leche
2017|6|Otros
2017|6|Pescado
2017|6|Mantequilla
2017|6|Productos
2017|6|Lactosuero
2017|6|Miel
2017|7|Peces
2017|7|Mantequilla
2017|7|Tripas
2017|7|Productos
2017|7|Filetes
2017|7|Moluscos
2017|7|Tocino
2017|7|Gallos
2017|7|Lactosuero
2017|7|Pescado
2017|7|Quesos
2017|7|Leche
2017|7|Carne
2017|7|Suero
2017|7|Miel
2017|7|Crustáceos
2017|7|Otros
2017|7|Huevos
2017|8|Mantequilla
2017|8|Otros
2017|8|Animales
2017|8|Filetes
2017|8|Pescado
2017|8|Lactosuero
2017|8|Quesos
2017|8|Huevos
2017|8|Suero
2017|8|Gallos
2017|8|Miel
2017|8|Moluscos
2017|8|Carne
2017|8|Productos
2017|8|Crustáceos
2017|8|Leche
2017|9|Leche
2017|9|Filetes
2017|9|Crustáceos
2017|9|Productos
2017|9|Moluscos
2017|9|Peces
2017|9|Gallos
2017|9|Quesos
2017|9|Carne
2017|9|Animales
2017|9|Otros
2017|9|Mantequilla
2017|9|Despojos
2017|9|Lactosuero
2017|9|Pescado
2017|9|Suero
2017|9|Huevos
2017|10|Lactosuero
2017|10|Productos
2017|10|Crustáceos
2017|10|Miel
2017|10|Suero
2017|10|Pescado
2017|10|Leche
2017|10|Quesos
2017|10|Animales
2017|10|Huevos
2017|10|Gallos
2017|10|Mantequilla
2017|10|Filetes
2017|10|Carne
2017|10|Otros
2017|10|Moluscos
2017|11|Crustáceos
2017|11|Gallos
2017|11|Pescado
2017|11|Carne
2017|11|Otros
2017|11|Filetes
2017|11|Moluscos
2017|11|Mantequilla
2017|11|Quesos
2017|11|Productos
2017|11|Animales
2017|11|Lactosuero
2017|11|Huevos
2017|11|Suero
2017|11|Leche
2017|12|Filetes
2017|12|Suero
2017|12|Miel
2017|12|Carne
2017|12|Crustáceos
2017|12|Leche
2017|12|Huevos
2017|12|Productos
2017|12|Animales
2017|12|Pescado
2017|12|Mantequilla
2017|12|Moluscos
2017|12|Gallos
2017|12|Otros
2017|12|Lactosuero
2017|12|Quesos
2018|1|Leche
2018|1|Lactosuero
2018|1|Filetes
2018|1|Huevos
2018|1|Gallos
2018|1|Quesos
2018|1|Pescado
2018|1|Crustáceos
2018|1|Carne
2018|1|Moluscos
2018|1|Productos
2018|1|Mantequilla
2018|1|Suero
2018|1|Otros
2018|1|Tripas
2018|2|Leche
2018|2|Crustáceos
2018|2|Productos
2018|2|Pescado
2018|2|Suero
2018|2|Mantequilla
2018|2|Filetes
2018|2|Lactosuero
2018|2|Moluscos
2018|2|Otros
2018|2|Huevos
2018|2|Gallos
2018|2|Quesos
2018|2|Peces
2018|2|Miel
2018|3|Moluscos
2018|3|Mantequilla
2018|3|Huevos
2018|3|Filetes
2018|3|Leche
2018|3|Lactosuero
2018|3|Pescado
2018|3|Crustáceos
2018|3|Carne
2018|3|Gallos
2018|3|Productos
2018|3|Suero
2018|3|Otros
2018|3|Quesos
2018|4|Pescado
2018|4|Huevos
2018|4|Lactosuero
2018|4|Mantequilla
2018|4|Suero
2018|4|Filetes
2018|4|Gallos
2018|4|Quesos
2018|4|Otros
2018|4|Moluscos
2018|4|Peces
2018|4|Crustáceos
2018|4|Carne
2018|4|Leche
2018|4|Animales
2018|5|Suero
2018|5|Gallos
2018|5|Crustáceos
2018|5|Huevos
2018|5|Carne
2018|5|Caballos
2018|5|Miel
2018|5|Mantequilla
2018|5|Pescado
2018|5|Tripas
2018|5|Lactosuero
2018|5|Moluscos
2018|5|Productos
2018|5|Tocino
2018|5|Leche
2018|5|Quesos
2018|5|Filetes
2018|5|Otros
2018|6|Tocino
2018|6|Crustáceos
2018|6|Pescado
2018|6|Quesos
2018|6|Otros
2018|6|Tripas
2018|6|Filetes
2018|6|Moluscos
2018|6|Mantequilla
2018|6|Miel
2018|6|Leche
2018|6|Suero
2018|6|Gallos
2018|6|Huevos
2018|6|Productos
2018|6|Lactosuero
2018|6|Animales
2018|6|Peces
2018|7|Leche
2018|7|Carne
2018|7|Quesos
2018|7|Mantequilla
2018|7|Moluscos
2018|7|Otros
2018|7|Lactosuero
2018|7|Huevos
2018|7|Crustáceos
2018|7|Gallos
2018|7|Filetes
2018|7|Suero
2018|7|Pescado
2018|7|Productos
2018|8|Productos
2018|8|Otros
2018|8|Quesos
2018|8|Carne
2018|8|Caballos
2018|8|Pescado
2018|8|Gallos
2018|8|Suero
2018|8|Tocino
2018|8|Miel
2018|8|Leche
2018|8|Huevos
2018|8|Mantequilla
2018|8|Lactosuero
2018|8|Crustáceos
2018|8|Filetes
2018|8|Moluscos
2018|9|Productos
2018|9|Huevos
2018|9|Filetes
2018|9|Otros
2018|9|Pescado
2018|9|Mantequilla
2018|9|Animales
2018|9|Lactosuero
2018|9|Carne
2018|9|Suero
2018|9|Quesos
2018|9|Gallos
2018|9|Leche
2018|9|Crustáceos
2018|9|Moluscos
2018|10|Pescado
2018|10|Suero
2018|10|Peces
2018|10|Quesos
2018|10|Animales
2018|10|Moluscos
2018|10|Despojos
2018|10|Crustáceos
2018|10|Gallos
2018|10|Lactosuero
2018|10|Otros
2018|10|Leche
2018|10|Mantequilla
2018|10|Productos
2018|10|Huevos
2018|10|Filetes
2018|10|Carne
2018|11|Leche
2018|11|Mantequilla
2018|11|Gallos
2018|11|Tripas
2018|11|Lactosuero
2018|11|Carne
2018|11|Moluscos
2018|11|Crustáceos
2018|11|Pescado
2018|11|Quesos
2018|11|Productos
2018|11|Otros
2018|11|Huevos
2018|11|Suero
2018|11|Filetes
2018|12|Moluscos
2018|12|Tocino
2018|12|Caballos
2018|12|Mantequilla
2018|12|Suero
2018|12|Pescado
2018|12|Gallos
2018|12|Crustáceos
2018|12|Leche
2018|12|Filetes
2018|12|Otros
2018|12|Miel
2018|12|Lactosuero
2018|12|Peces
2018|12|Productos
2018|12|Animales
2018|12|Carne
2018|12|Quesos
2018|12|Huevos
2018|12|Despojos
2019|1|Mantequilla
2019|1|Gallos
2019|1|Moluscos
2019|1|Pescado
2019|1|Filetes
2019|1|Productos
2019|1|Miel
2019|1|Suero
2019|1|Huevos
2019|1|Quesos
2019|1|Carne
2019|1|Crustáceos
2019|1|Lactosuero
2019|1|Leche
2019|1|Otros
2019|2|Suero
2019|2|Carne
2019|2|Otros
2019|2|Gallos
2019|2|Quesos
2019|2|Moluscos
2019|2|Pescado
2019|2|Huevos
2019|2|Filetes
2019|2|Ambar
2019|2|Productos
2019|2|Lactosuero
2019|2|Leche
2019|2|Mantequilla
2019|2|Despojos
2019|2|Crustáceos
2019|3|Animales
2019|3|Crustáceos
2019|3|Filetes
2019|3|Gallos
2019|3|Huevos
2019|3|Peces
2019|3|Productos
2019|3|Suero
2019|3|Lactosuero
2019|3|Carne
2019|3|Despojos
2019|3|Miel
2019|3|Mantequilla
2019|3|Tocino
2019|3|Tripas
2019|3|Quesos
2019|3|Moluscos
2019|3|Leche
2019|3|Pescado
2019|4|Leche
2019|4|Despojos
2019|4|Lactosuero
2019|4|Gallos
2019|4|Quesos
2019|4|Animales
2019|4|Otros
2019|4|Mantequilla
2019|4|Crustáceos
2019|4|Suero
2019|4|Moluscos
2019|4|Filetes
2019|4|Productos
2019|4|Tripas
2019|4|Pescado
2019|4|Tocino
2019|4|Carne
2019|4|Miel
2019|5|Quesos
2019|5|Gallos
2019|5|Lactosuero
2019|5|Mantequilla
2019|5|Otros
2019|5|Caballos
2019|5|Huevos
2019|5|Suero
2019|5|Despojos
2019|5|Carne
2019|5|Moluscos
2019|5|Productos
2019|5|Pescado
2019|5|Animales
2019|5|Crustáceos
2019|5|Leche
2019|5|Miel
2019|6|Crustáceos
2019|6|Quesos
2019|6|Leche
2019|6|Mantequilla
2019|6|Lactosuero
2019|6|Suero
2019|6|Carne
2019|6|Filetes
2019|6|Otros
2019|6|Gallos
2019|6|Tocino
2019|6|Moluscos
2019|6|Huevos
2019|6|Pescado
2019|6|Productos
2019|7|Crustáceos
2019|7|Quesos
2019|7|Tripas
2019|7|Filetes
2019|7|Peces
2019|7|Moluscos
2019|7|Suero
2019|7|Carne
2019|7|Otros
2019|7|Lactosuero
2019|7|Mantequilla
2019|7|Pescado
2019|7|Gallos
2019|7|Huevos
2019|7|Productos
2019|7|Leche
2019|8|Suero
2019|8|Pescado
2019|8|Quesos
2019|8|Lactosuero
2019|8|Crustáceos
2019|8|Huevos
2019|8|Filetes
2019|8|Otros
2019|8|Gallos
2019|8|Leche
2019|8|Miel
2019|8|Animales
2019|8|Moluscos
2019|8|Mantequilla
2019|8|Despojos
2019|8|Carne
2019|8|Productos
2019|9|Huevos
2019|9|Filetes
2019|9|Suero
2019|9|Moluscos
2019|9|Leche
2019|9|Otros
2019|9|Mantequilla
2019|9|Carne
2019|9|Lactosuero
2019|9|Despojos
2019|9|Crustáceos
2019|9|Productos
2019|9|Gallos
2019|9|Animales
2019|9|Peces
2019|9|Pescado
2019|9|Quesos
2019|9|Tocino
2019|10|Leche
2019|10|Mantequilla
2019|10|Suero
2019|10|Huevos
2019|10|Gallos
2019|10|Despojos
2019|10|Animales
2019|10|Pescado
2019|10|Moluscos
2019|10|Carne
2019|10|Lactosuero
2019|10|Crustáceos
2019|10|Otros
2019|10|Productos
2019|10|Quesos
2019|10|Filetes
2019|11|Otros
2019|11|Lactosuero
2019|11|Filetes
2019|11|Huevos
2019|11|Gallos
2019|11|Miel
2019|11|Despojos
2019|11|Animales
2019|11|Carne
2019|11|Quesos
2019|11|Crustáceos
2019|11|Productos
2019|11|Suero
2019|11|Moluscos
2019|11|Leche
2019|11|Pescado
2019|12|Despojos
2019|12|Leche
2019|12|Otros
2019|12|Moluscos
2019|12|Quesos
2019|12|Crustáceos
2019|12|Productos
2019|12|Huevos
2019|12|Suero
2019|12|Animales
2019|12|Carne
2019|12|Pescado
2019|12|Mantequilla
2019|12|Lactosuero
2019|12|Filetes
2019|12|Peces
2019|12|Tripas
2019|12|Gallos
2020|1|Suero
2020|1|Productos
2020|1|Leche
2020|1|Pescado
2020|1|Quesos
2020|1|Crustáceos
2020|1|Carne
2020|1|Lactosuero
2020|1|Huevos
2020|1|Otros
2020|1|Mantequilla
2020|1|Filetes
2020|1|Miel
2020|1|Gallos
2020|1|Despojos
2020|1|Moluscos
2020|2|Otros
2020|2|Gallos
2020|2|Suero
2020|2|Crustáceos
2020|2|Quesos
2020|2|Huevos
2020|2|Carne
2020|2|Moluscos
2020|2|Leche
2020|2|Peces
2020|2|Lactosuero
2020|2|Pescado
2020|2|Animales
2020|2|Filetes
2020|2|Productos
2020|2|Mantequilla
2020|3|Gallos
2020|3|Tripas
2020|3|Lactosuero
2020|3|Pescado
2020|3|Quesos
2020|3|Filetes
2020|3|Leche
2020|3|Otros
2020|3|Crustáceos
2020|3|Suero
2020|3|Mantequilla
2020|3|Huevos
2020|3|Moluscos
2020|3|Carne
2020|3|Productos
2020|4|Despojos
2020|4|Gallos
2020|4|Pescado
2020|4|Leche
2020|4|Moluscos
2020|4|Crustáceos
2020|4|Filetes
2020|4|Suero
2020|4|Mantequilla
2020|4|Productos
2020|4|Huevos
2020|4|Miel
2020|4|Lactosuero
2020|4|Carne
2020|4|Quesos
2020|5|Suero
2020|5|Tripas
2020|5|Mantequilla
2020|5|Leche
2020|5|Despojos
2020|5|Lactosuero
2020|5|Carne
2020|5|Pescado
2020|5|Moluscos
2020|5|Quesos
2020|5|Gallos
2020|5|Huevos
2020|6|Suero
2020|6|Lactosuero
2020|6|Despojos
2020|6|Pescado
2020|6|Miel
2020|6|Quesos
2020|6|Mantequilla
2020|6|Gallos
2020|6|Productos
2020|6|Tripas
2020|6|Carne
2020|6|Huevos
2020|6|Leche
2020|7|Moluscos
2020|7|Pescado
2020|7|Carne
2020|7|Lactosuero
2020|7|Huevos
2020|7|Gallos
2020|7|Productos
2020|7|Filetes
2020|7|Leche
2020|7|Crustáceos
2020|7|Despojos
2020|7|Suero
2020|7|Mantequilla
2020|7|Quesos
2020|8|Leche
2020|8|Despojos
2020|8|Pescado
2020|8|Moluscos
2020|8|Mantequilla
2020|8|Quesos
2020|8|Carne
2020|8|Animales
2020|8|Gallos
2020|8|Crustáceos
2020|8|Suero
2020|8|Filetes
2020|8|Lactosuero
2020|8|Productos
2020|8|Huevos
2020|8|Miel
2020|9|Otros
2020|9|Gallos
2020|9|Productos
2020|9|Carne
2020|9|Crustáceos
2020|9|Filetes
2020|9|Quesos
2020|9|Mantequilla
2020|9|Miel
2020|9|Moluscos
2020|9|Suero
2020|9|Pescado
2020|9|Leche
2020|9|Huevos
2020|9|Animales
2020|9|Lactosuero
2020|10|Miel
2020|10|Lactosuero
2020|10|Crustáceos
2020|10|Leche
2020|10|Gallos
2020|10|Tripas
2020|10|Pescado
2020|10|Carne
2020|10|Animales
2020|10|Otros
2020|10|Suero
2020|10|Quesos
2020|10|Productos
2020|10|Huevos
2020|10|Mantequilla
2020|10|Moluscos
2020|10|Filetes
2020|11|Huevos
2020|11|Carne
2020|11|Despojos
2020|11|Mantequilla
2020|11|Otros
2020|11|Crustáceos
2020|11|Miel
2020|11|Pescado
2020|11|Moluscos
2020|11|Filetes
2020|11|Productos
2020|11|Suero
2020|11|Gallos
2020|11|Leche
2020|11|Animales
2020|11|Quesos
2020|11|Lactosuero
2020|12|Gallos
2020|12|Lactosuero
2020|12|Pescado
2020|12|Leche
2020|12|Carne
2020|12|Despojos
2020|12|Productos
2020|12|Filetes
2020|12|Huevos
2020|12|Crustáceos
2020|12|Tripas
2020|12|Peces
2020|12|Suero
2020|12|Quesos
2020|12|Moluscos
2020|12|Miel
2020|12|Animales
2020|12|Mantequilla
2020|12|Otros
2021|1|Miel
2021|1|Crustáceos
2021|1|Despojos
2021|1|Otros
2021|1|Mantequilla
2021|1|Suero
2021|1|Productos
2021|1|Quesos
2021|1|Pescado
2021|1|Gallos
2021|1|Peces
2021|1|Carne
2021|1|Lactosuero
2021|1|Moluscos
2021|1|Leche
